Ad state,Ad type,Final URL,Beacon URLs,Long headline,Headline 1,Headline 1 position,Headline 2,Headline 2 position,Headline 3,Headline 3 position,Headline 4,Headline 4 position,Headline 5,Headline 5 position,Headline 6,Headline 6 position,Headline 7,Headline 7 position,Headline 8,Headline 8 position,Headline 9,Headline 9 position,Headline 10,Headline 10 position,Headline 11,Headline 11 position,Headline 12,Headline 12 position,Headline 13,Headline 13 position,Headline 14,Headline 14 position,Headline 15,Headline 15 position,Description,Description 1,Description 1 position,Description 2,Description 2 position,Description 3,Description 3 position,Description 4,Description 4 position,Description 5,Image ID,Square image ID,Logo ID,Landscape logo ID,Business name,Call to action text,Video ID,Accent color,Main color,Allow flexible color,Ad format preference,Promotion text,Price prefix,Enable Asset Enhancements,Enable Autogen Video,Path 1,Path 2,Auto-applied ad suggestion,Mobile final URL,Tracking template,Final URL suffix,Custom parameter,Campaign,Ad group,Campaign type,Campaign subtype,Ad final URL,Clicks,Impr.,CTR,Currency code,Avg. CPC,Cost,Conversions,View-through conv.,Cost / conv.,Conv. rate,Impr. (Abs. Top) %,Impr. (Top) %
Enabled,Expanded text ad,https://www.prioritypestandmosquito.com/mole-and-gopher-control/, --, --,Gopher Removal Services, --,Priority Pest and Mosquito, --,Remove Gophers from your Yard, --, --, --, --, --, --, --, --, --, --, --, --, --, --, --, --, --, --, --, --, --, --, --, --, --,"Protect your landscape, lawns, and gardens. We know how to kill gophers in your yard.", --, --,Call Today to for your Free Service Estimate. Gopher Removal Service you can Trust., --, --, --, --, --, --, --, --, --, --, --, --, --, --, --, --, --, --, --, --, --,Gophers, --,No,, --, --,,Priority Pest,SKAG | gopher poison | BROAD,Search,All features,https://www.prioritypestandmosquito.com/mole-and-gopher-control/,0.0,0.0,0.0,USD,0.0,0.0,0.0,0.0,0.0,0.0,,
Enabled,Expanded text ad,https://www.prioritypestandmosquito.com/mole-and-gopher-control/, --, --,Mole Removal Services in OKC, --,Priority Pest and Mosquito, --,Remove Moles from your Yard, --, --, --, --, --, --, --, --, --, --, --, --, --, --, --, --, --, --, --, --, --, --, --, --, --,"Protect your landscape, lawns, and gardens. We know how to get rid of moles from your yard", --, --,Call Today to for your Free Service Estimate. We will take care of your problem., --, --, --, --, --, --, --, --, --, --, --, --, --, --, --, --, --, --, --, --, --,moles, --,No,, --, --,,Priority Pest,SKAG | gopher poison | BROAD,Search,All features,https://www.prioritypestandmosquito.com/mole-and-gopher-control/,0.0,0.0,0.0,USD,0.0,0.0,0.0,0.0,0.0,0.0,,
Enabled,Expanded text ad,https://www.prioritypestandmosquito.com/mole-and-gopher-control/, --, --,Gopher Removal Services, --,Priority Pest and Mosquito, --,Remove Gophers from your Yard, --, --, --, --, --, --, --, --, --, --, --, --, --, --, --, --, --, --, --, --, --, --, --, --, --,"Protect your landscape, lawns, and gardens. We know how to kill gophers in your yard.", --, --,Call Today to for your Free Service Estimate. Gopher Removal Service you can Trust., --, --, --, --, --, --, --, --, --, --, --, --, --, --, --, --, --, --, --, --, --,Gophers, --,No,, --, --,,Priority Pest,SKAG | how to remove moles | BROAD,Search,All features,https://www.prioritypestandmosquito.com/mole-and-gopher-control/,0.0,1.0,0.0,USD,0.0,0.0,0.0,0.0,0.0,0.0,,
Enabled,Expanded text ad,https://www.prioritypestandmosquito.com/mole-and-gopher-control/, --, --,Mole Removal Services in OKC, --,Priority Pest and Mosquito, --,Remove Moles from your Yard, --, --, --, --, --, --, --, --, --, --, --, --, --, --, --, --, --, --, --, --, --, --, --, --, --,"Protect your landscape, lawns, and gardens. We know how to get rid of moles from your yard", --, --,Call Today to for your Free Service Estimate. We will take care of your problem., --, --, --, --, --, --, --, --, --, --, --, --, --, --, --, --, --, --, --, --, --,moles, --,No,, --, --,,Priority Pest,SKAG | how to remove moles | BROAD,Search,All features,https://www.prioritypestandmosquito.com/mole-and-gopher-control/,3.0,8.0,37.5,USD,1.44,4.32,0.0,0.0,0.0,0.0,,
Enabled,Expanded text ad,https://www.prioritypestandmosquito.com/flea-tick-services/, --, --,Flea Removal Service OKC, --,Priority Pest and Mosquito, --,Destroy Fleas & Ticks, --, --, --, --, --, --, --, --, --, --, --, --, --, --, --, --, --, --, --, --, --, --, --, --, --,Flea Removal Services You Can Trust. Keep Your Family and Pets Healthy., --, --,Locally Owned & Operated. Remove Fleas & Indoors & Outdoors. Effective & Safe for You., --, --, --, --, --, --, --, --, --, --, --, --, --, --, --, --, --, --, --, --, --,Flea,Spraying,No,, --, --,,Priority Pest,SKAG | tick removal | BROAD,Search,All features,https://www.prioritypestandmosquito.com/flea-tick-services/,0.0,0.0,0.0,USD,0.0,0.0,0.0,0.0,0.0,0.0,,
Enabled,Expanded text ad,https://www.prioritypestandmosquito.com/flea-tick-services/, --, --,Tick Extermination in OKC, --,Priority Pest and Mosquito, --,Remove Ticks From Your Home, --, --, --, --, --, --, --, --, --, --, --, --, --, --, --, --, --, --, --, --, --, --, --, --, --,Locally Owned and Operated Tick Removal you can Trust. Keep your Pets & Family safe., --, --,Never Think About Bugs Again. Call Priority Pest and Mosquito Today!, --, --, --, --, --, --, --, --, --, --, --, --, --, --, --, --, --, --, --, --, --,Ticks, --,No,, --, --,,Priority Pest,SKAG | tick removal | BROAD,Search,All features,https://www.prioritypestandmosquito.com/flea-tick-services/,0.0,1.0,0.0,USD,0.0,0.0,0.0,0.0,0.0,0.0,,
Enabled,Expanded dynamic search ad,, --, --, --, --, --, --, --, --, --, --, --, --, --, --, --, --, --, --, --, --, --, --, --, --, --, --, --, --, --, --, --, --,"Bed Bugs invade your bed, your walls, your clothes, & more. Our experienced team can help.", --, --,One Mention of Our Services Will Send Bedbugs Running -Take $100 Off Your First Room., --, --, --, --, --, --, --, --, --, --, --, --, --, --, --, --, --, --, --, --, --, --, --,No,, --, --,,Priority Pest,Bedbugs - Dyn,Search,All features,,208.0,3281.0,6.34,USD,12.61,2622.07,18.39,0.0,142.55,8.84,,
Enabled,Expanded dynamic search ad,, --, --, --, --, --, --, --, --, --, --, --, --, --, --, --, --, --, --, --, --, --, --, --, --, --, --, --, --, --, --, --, --,Get Your Free Quote Today. Keep Your Family Safe with Our Roach Customizable Service., --, --,"At Priority Pest, we get rid of roaches fast. Get rid of them once and for all. Call Now!", --, --, --, --, --, --, --, --, --, --, --, --, --, --, --, --, --, --, --, --, --, --, --,No,, --, --,,Priority Pest,Cockroach - Dyn,Search,All features,,0.0,104.0,0.0,USD,0.0,0.0,0.0,0.0,0.0,0.0,,
Enabled,Expanded dynamic search ad,, --, --, --, --, --, --, --, --, --, --, --, --, --, --, --, --, --, --, --, --, --, --, --, --, --, --, --, --, --, --, --, --,"Priority Pest & Mosquito Solutions, your trusted commercial pest control company", --, --,Commercial Pest Control in Oklahoma You Can Trust. Protecting Your Business is Our Job, --, --, --, --, --, --, --, --, --, --, --, --, --, --, --, --, --, --, --, --, --, --, --,No,, --, --,,Priority Pest,Comm Pest Control - Dyn,Search,All features,,1.0,80.0,1.25,USD,1.37,1.37,0.0,0.0,0.0,0.0,,
Enabled,Expanded dynamic search ad,, --, --, --, --, --, --, --, --, --, --, --, --, --, --, --, --, --, --, --, --, --, --, --, --, --, --, --, --, --, --, --, --,"Protect your landscape, lawns, and gardens. Remove Moles and Gophers from your lawn.", --, --,Call Today to for your Free Service Estimate. We will take care of your problem., --, --, --, --, --, --, --, --, --, --, --, --, --, --, --, --, --, --, --, --, --, --, --,No,, --, --,,Priority Pest,Mole and Gopher - Dyn,Search,All features,,15.0,215.0,6.98,USD,7.8,117.01,0.0,0.0,0.0,0.0,,
Enabled,Expanded dynamic search ad,, --, --, --, --, --, --, --, --, --, --, --, --, --, --, --, --, --, --, --, --, --, --, --, --, --, --, --, --, --, --, --, --,"Are roaches, mice, mosquitos, bed bugs or any other pest in your home? Call us today", --, --,Our system is tailored to remove pests in the OKC area. Let us destroy your pests, --, --, --, --, --, --, --, --, --, --, --, --, --, --, --, --, --, --, --, --, --, --, --,No,, --, --,,Priority Pest,Priority Pest - dynamic ad group,Search,All features,,8.0,135.0,5.93,USD,0.97,7.73,0.0,0.0,0.0,0.0,,
Enabled,Expanded dynamic search ad,, --, --, --, --, --, --, --, --, --, --, --, --, --, --, --, --, --, --, --, --, --, --, --, --, --, --, --, --, --, --, --, --,Don't let mice and rats live rent-free in your home. Eliminate these rodents today!, --, --,Prioritize your home's safety with effective rat and mice extermination treatment., --, --, --, --, --, --, --, --, --, --, --, --, --, --, --, --, --, --, --, --, --, --, --,No,, --, --,,Priority Pest,Rats and Mice - Dyn,Search,All features,,13.0,201.0,6.47,USD,12.31,160.02,0.0,0.0,0.0,0.0,,
Enabled,Expanded dynamic search ad,, --, --, --, --, --, --, --, --, --, --, --, --, --, --, --, --, --, --, --, --, --, --, --, --, --, --, --, --, --, --, --, --,Sign Up for Year Round Protection with Priority Pest. We Make Your Priority Our Priority., --, --,"Pests Invade Homes. Priority Pest & Mosquito Control Stops Insects, Spiders, Moles, & More", --, --, --, --, --, --, --, --, --, --, --, --, --, --, --, --, --, --, --, --, --, --, --,No,, --, --,,Priority Pest,Res Pest Control - Dyn,Search,All features,,44.0,1072.0,4.1,USD,5.33,234.46,6.0,0.0,39.08,13.64,,
Enabled,Expanded dynamic search ad,, --, --, --, --, --, --, --, --, --, --, --, --, --, --, --, --, --, --, --, --, --, --, --, --, --, --, --, --, --, --, --, --,"CL-100, WDO, Or Any Termite Inspection Needed. Priority Can Do It all And Put You At Ease.", --, --,Protect Your Home's Value With Our Proven Inspection Methods. Your Home Is Our Priority, --, --, --, --, --, --, --, --, --, --, --, --, --, --, --, --, --, --, --, --, --, --, --,No,, --, --,,Priority Pest,Termite Inspection - Dyn,Search,All features,,3.0,145.0,2.07,USD,4.62,13.86,0.0,0.0,0.0,0.0,,
Enabled,Expanded dynamic search ad,, --, --, --, --, --, --, --, --, --, --, --, --, --, --, --, --, --, --, --, --, --, --, --, --, --, --, --, --, --, --, --, --,Termites can devastate your home and wallet. Save yourself the hassle and call us today., --, --,"Stop Termite damage before it starts. Your home is our priority, so put your trust in us!", --, --, --, --, --, --, --, --, --, --, --, --, --, --, --, --, --, --, --, --, --, --, --,No,, --, --,,Priority Pest,Termites - Dyn,Search,All features,,4.0,245.0,1.63,USD,5.62,22.46,0.0,0.0,0.0,0.0,,
Enabled,Responsive display ad,https://prioritypestandmosquito.com, --,"Effective Mole & Gopher Control - Safe, Quick, and Reliable Solutions",Pest-Free Living Now, --,End Pests Today, --,"Safe Home, No Pests", --,Reliable Pest Fix, --,Pest Solution Awaits, --, --, --, --, --, --, --, --, --, --, --, --, --, --, --, --, --, --, --, --, --, --,Expert solutions for mole and gopher issues in your yard., --,"Safe, eco-friendly pest control for a healthier lawn.", --,Quick eradication with lasting results for your garden., --,Get rid of burrowing pests fast with proven methods., --,Transform your lawn with our specialized pest services.,118250908719; 13858762575; 117815652252,118227598747; 118250833731,17791367388, --,Priority Pest & Mosquito, --,118907971602, --, --,true,All formats, --, --,true,true, --, --,No,, --, --,,[TOP] Awareness_Display_Gopher&Mole,Ad group 1,Display,All features,https://prioritypestandmosquito.com,135.0,115125.0,0.12,USD,1.74,234.3,0.0,0.0,0.0,0.0,,
Enabled,Responsive display ad,https://www.prioritypestandmosquito.com/pest-control-services/bed-bugs-okc/, --,Professional Bed Bug Control Solutions for a Safe Home Environment,Reliable Bed Bug Control, --,Safe Bed Bug Removal, --,Expert Bed Bug Treatment, --,Quick Bed Bug Solutions, --,Proven Bed Bug Prevention, --, --, --, --, --, --, --, --, --, --, --, --, --, --, --, --, --, --, --, --, --, --,Trusted methods for bed bug removal, --,Quick and effective treatment solutions, --,Ensure a safe home with our help, --,Expert advice on bed bug control, --,Proven prevention for peace of mind,120219923786; 120252934587; 120252919773,120219958949; 120219941441; 120252853983,15049444732, --,Priority Pest & Mosquito, --, --, --, --,true,All formats, --, --,true,true, --, --,No,,{lpurl}?campaign=BB_Awareness_Top&source=google&medium=cpc&content={creative}&keyword={keyword},utm_campaign=BB_Awareness_Top&utm_source=google&utm_medium=cpc&utm_content={creative},,BB_Awareness_Top,Ad group 1,Display,All features,https://www.prioritypestandmosquito.com/pest-control-services/bed-bugs-okc/,0.0,0.0,0.0,USD,0.0,0.0,0.0,0.0,0.0,0.0,,
Enabled,Responsive display ad,https://www.prioritypestandmosquito.com/pest-control-services/bed-bugs-okc/, --,Environmentally Friendly Bed Bug Solutions for Your Peace of Mind,Eco Bed Bug Treatment, --,Green Pest Control, --,Non-Toxic Bug Removal, --,Earth-Friendly Pest Solutions, --,Safe for Family and Pets, --, --, --, --, --, --, --, --, --, --, --, --, --, --, --, --, --, --, --, --, --, --,"Safe, non-toxic methods for families", --,Eco-friendly solutions that work, --,Protect your home and the planet, --,Green alternatives to pest control, --,"Effective treatment, kind to nature",120219923786; 120252934587; 120252919773,120219958949; 120219941441; 120252853983,15049444732, --,Priority Pest & Mosquito, --, --, --, --,true,All formats, --, --,true,true, --, --,No,,{lpurl}?campaign=BB_Awareness_Top&source=google&medium=cpc&content={creative}&keyword={keyword},utm_campaign=BB_Awareness_Top&utm_source=google&utm_medium=cpc&utm_content={creative},,BB_Awareness_Top,Ad group 1,Display,All features,https://www.prioritypestandmosquito.com/pest-control-services/bed-bugs-okc/,0.0,0.0,0.0,USD,0.0,0.0,0.0,0.0,0.0,0.0,,
Enabled,Responsive display ad,https://www.prioritypestandmosquito.com/pest-control-services/bed-bugs-okc/, --,Environmentally Friendly Bed Bug Solutions for Your Peace of Mind,Eco Bed Bug Treatment, --,Green Pest Control, --,Non-Toxic Bug Removal, --,Earth-Friendly Pest Solutions, --,Safe for Family and Pets, --, --, --, --, --, --, --, --, --, --, --, --, --, --, --, --, --, --, --, --, --, --,"Safe, non-toxic methods for families", --,Eco-friendly solutions that work, --,Protect your home and the planet, --,Green alternatives to pest control, --,"Effective treatment, kind to nature",120219923786; 120252934587; 120252919773,120219958949; 120219941441; 120252853983,15049444732, --,Priority Pest & Mosquito, --, --, --, --,true,All formats, --, --,true,true, --, --,No,,{lpurl}?campaign=BB_Awareness_Top&source=google&medium=cpc&content={creative}&keyword={keyword},utm_campaign=BB_Awareness_Top&utm_source=google&utm_medium=cpc&utm_content={creative},,BB_Awareness_Top,Ad group 1,Display,All features,https://www.prioritypestandmosquito.com/pest-control-services/bed-bugs-okc/,0.0,0.0,0.0,USD,0.0,0.0,0.0,0.0,0.0,0.0,,
Enabled,Responsive display ad,https://www.prioritypestandmosquito.com/pest-control-services/rodent-control/, --,Resolve Mole & Gopher Problems Quickly with Our Expert Services.,Mole Troubles Solved, --,Gopher Extermination Aids, --,Stop Rodent Destruction, --,Quick Pest Removal, --,Reliable Rodent Control, --, --, --, --, --, --, --, --, --, --, --, --, --, --, --, --, --, --, --, --, --, --,Solutions for mole infestations., --,Get rid of gophers effectively., --,Protect your property from rodents., --,"Fast, reliable extermination.", --,Expertise in rodent control.,117815652252; 119371135124; 119403235074; 119379715915,118227598747; 118250833731; 118250766804; 117753070513; 117753070510,15049444732, --,Priority Pest & Mosquito, --,118907971602, --, --,true,All formats, --, --,true,true, --, --,No,, --, --,,M&G_Awareness_Top,Ad group 1,Display,All features,https://www.prioritypestandmosquito.com/pest-control-services/rodent-control/,25.0,18141.0,0.14,USD,1.06,26.57,0.0,0.0,0.0,0.0,,
Enabled,Responsive display ad,https://www.prioritypestandmosquito.com/pest-control-services/rodent-control/, --,Achieve a Perfect Lawn with Professional Mole & Gopher Control.,Mole Removal Made Easy, --,"Pristine Lawn, No Gophers", --,Rodent Control for Homes, --,Eco-Friendly Pest Solutions, --,"Your Yard, Pest Free", --, --, --, --, --, --, --, --, --, --, --, --, --, --, --, --, --, --, --, --, --, --,Enjoy a mole-free garden., --,Lawn care with pest control., --,"Safe, effective rodent removal.", --,Green solutions for pest issues., --,Your lawn deserves the best care.,117815652252; 119371135124; 119403235074; 119379715915,118227598747; 118250833731; 118250766804; 117753070513; 117753070510,15049444732, --,Priority Pest & Mosquito, --,118907971602, --, --,true,All formats, --, --,true,true, --, --,No,, --, --,,M&G_Awareness_Top,Ad group 1,Display,All features,https://www.prioritypestandmosquito.com/pest-control-services/rodent-control/,28.0,24132.0,0.12,USD,1.28,35.73,1.0,0.0,35.73,3.57,,
Enabled,Responsive display ad,https://www.prioritypestandmosquito.com/pest-control-services/rodent-control/, --,Safeguard Your Garden with Effective Mole & Gopher Extermination.,End Mole Yard Damage, --,Gopher-Free Gardens, --,Rodent Proof Your Home, --,Safe Extermination Solutions, --,Protect Your Green Spaces, --, --, --, --, --, --, --, --, --, --, --, --, --, --, --, --, --, --, --, --, --, --,Say goodbye to garden pests., --,Expert tips for a pest-free yard., --,Protect your home from rodents., --,Trusted extermination services., --,Keep your garden beautiful & safe.,117815652252; 119371135124; 119403235074; 119379715915,118227598747; 118250766804; 117753070513; 117753070510; 118250833731,15049444732, --,Priority Pest & Mosquito, --,118907971602, --, --,true,All formats, --, --,true,true, --, --,No,,{lpurl}?utm_source=google&utm_medium=cpm&utm_campaign=M%26G_Awareness_top&cpm=2.10&utm_content={creative}&headline={headline}&long_headline={long_headline}&description={description}&utm_term={keyword}&utm_click_id={gclid},utm_source=google&utm_medium=cpm&utm_campaign=M%26G_Awareness_top&cpm=2.10,,M&G_Awareness_Top,Ad group 1,Display,All features,https://www.prioritypestandmosquito.com/pest-control-services/rodent-control/,28.0,26443.0,0.11,USD,1.11,31.07,0.0,0.0,0.0,0.0,,
Enabled,Responsive display ad,https://www.prioritypestandmosquito.com/pest-control-services/rodent-control/, --,"Oklahoma City's Best Choice for Safe, Effective Rodent Control",Top OKC Rodent Experts, --,Oklahoma's Best Control, --,Eradicate Rodents Fast, --,"Safe, Effective Solutions", --,OKC Trusted Exterminator, --, --, --, --, --, --, --, --, --, --, --, --, --, --, --, --, --, --, --, --, --, --,"Specialized in Oklahoma rodent issues. Fast, reliable service.", --,Say goodbye to pests. Professional OKC extermination., --,Local experts in mole and gopher control. Contact us., --,Effective treatments for Oklahoma homes. Book now., --,Your OKC home free of rodents. Guaranteed results.,117815652252; 119371135124; 119403235074; 119379715915,118227598747; 118250766804; 117753070513; 117753070510; 118250833731,15049444732, --,Priority Pest & Mosquito, --,118907971602, --, --,true,All formats, --, --,true,true, --, --,No,, --, --,,M&G_Awareness_Top,Ad group 1,Display,All features,https://www.prioritypestandmosquito.com/pest-control-services/rodent-control/,33.0,27945.0,0.12,USD,0.8,26.38,0.0,0.0,0.0,0.0,,
Enabled,Responsive search ad,https://www.prioritypestandmosquito.com/okcs-most-affordable-bed-bug-removal/, --, --,Bed Bug Pros, --,End Bed Bugs Now, --,Safe Home Solution, --,Expert OKC Pest Control, --,Pet-Safe Treatments, --,Fast Bug Removal, --,Effective Extermination, --,Get Rid of Bed Bugs, --,Budget-Friendly Prices, --,Guaranteed Results, --,Tailored Extermination, --,10 Years Expertise, --,Fast Bed Bug Removal, --,Pet-Safe Methods, --,Total Bug Defense, --, --,"Eco-friendly, pet-safe bed bug treatments for a secure home.", --,"Quick, effective bed bug extermination tailored for homeowners and renters.", --,"Affordable and reliable pest control solutions, ensuring a bed bug-free environment.", --,Safeguard your family and pets with our proven bed bug removal methods., --, --, --, --, --, --, --, --, --, --, --, --, --, --, --, --, --,bedbug,solutions,No,, --, --,,BedBug_Leads_New,BB_New,Search,All features,https://www.prioritypestandmosquito.com/okcs-most-affordable-bed-bug-removal/,45.0,422.0,10.66,USD,3.68,165.82,1.0,0.0,165.82,2.22,,
Enabled,Responsive search ad,https://www.prioritypestandmosquito.com/, --, --,Delivery available, --,Online estimations available, --,Pest Control In OKC, --,Quality Pest Control, --,Residential Pest Control, --, --, --, --, --, --, --, --, --, --, --, --, --, --, --, --, --, --, --, --, --, --,We Have a Commercial Pest Control Solution for You, --,We Are a Full-Service Pest Control Company, --,Pest Control In OKC From Priority Pest and Mosquito Solutions, --, --, --, --, --, --, --, --, --, --, --, --, --, --, --, --, --, --, --, --, --,No,, --, --,,BPM - Bedbugs,Ad group 1,Search,All features,https://www.prioritypestandmosquito.com/,0.0,0.0,0.0,USD,0.0,0.0,0.0,0.0,0.0,0.0,,
Enabled,Responsive search ad,https://www.prioritypestandmosquito.com/okcs-most-affordable-bed-bug-removal/, --, --,OKC's Premier Bed Bug Sprayers, --,Bed Bugs Harm Can Your Health, --,We Get Rid Of Bed Bugs Fast, --,Proven Bed Bug Removal Method, --,Locally Owned & Operated, --,OKC Metro Bedbug Exterminators, --,Get Rid Of Bed Bugs For Good, --,Quickly Get Rid of Bed Bugs, --,$100 Off Your Service, --,Affordable Bed Bug Removal, --,OKC's Best Bed Bug Removers, --,Most Effective Bedbug Remedy, --,Fast Bedbug Clean Out, --,Custom Service To Meet Needs, --,Priority Pest and Mosquito, --, --,One Mention of Our Services Will Send Bedbugs Running -Take $100 Off Your First Room., --,"Bed Bugs invade your bed, your walls, your clothes, & more. Our experienced team can help.", --,"Keep Your Family Safe from Bed Bugs, Bites, & Diseases. Priority Pest Destroys Bed Bugs", --,Eliminate Bed Bugs and keep Them Away for Good. Family and Pet Friendly Bug Extermination., --, --, --, --, --, --, --, --, --, --, --, --, --, --, --, --, --,Bed-Bugs,Removal,No,, --, --,,BPM - Bedbugs,Bed Bugs,Search,All features,https://www.prioritypestandmosquito.com/okcs-most-affordable-bed-bug-removal/,2964.0,61713.0,4.8,USD,5.02,14867.68,146.2,0.0,101.69,4.93,,
Enabled,Responsive search ad,https://www.prioritypestandmosquito.com/, --, --,Delivery available, --,Online estimations available, --,Pest Control In OKC, --,Quality Pest Control, --,Residential Pest Control, --, --, --, --, --, --, --, --, --, --, --, --, --, --, --, --, --, --, --, --, --, --,We Have a Commercial Pest Control Solution for You, --,We Are a Full-Service Pest Control Company, --,Pest Control In OKC From Priority Pest and Mosquito Solutions, --, --, --, --, --, --, --, --, --, --, --, --, --, --, --, --, --, --, --, --, --,No,, --, --,,BPM - Cockroaches,Ad group 1,Search,All features,https://www.prioritypestandmosquito.com/,0.0,0.0,0.0,USD,0.0,0.0,0.0,0.0,0.0,0.0,,
Enabled,Responsive search ad,https://www.prioritypestandmosquito.com/, --, --,Delivery available, --,Online estimations available, --,Pest Control In OKC, --,Quality Pest Control, --,Residential Pest Control, --, --, --, --, --, --, --, --, --, --, --, --, --, --, --, --, --, --, --, --, --, --,We Have a Commercial Pest Control Solution for You, --,We Are a Full-Service Pest Control Company, --,Pest Control In OKC From Priority Pest and Mosquito Solutions, --, --, --, --, --, --, --, --, --, --, --, --, --, --, --, --, --, --, --, --, --,No,, --, --,,BPM - Cockroaches,Ad group 1,Search,All features,https://www.prioritypestandmosquito.com/,0.0,0.0,0.0,USD,0.0,0.0,0.0,0.0,0.0,0.0,,
Enabled,Responsive search ad,https://www.prioritypestandmosquito.com/cockroach-control, --, --,Cockroach Clearing Services, --,Roach Exterminator Near You, --,Priority Pest and Mosquito, --,Rid Yourself of Flying Roaches, --,Best Way To Get Rid of Roaches, --,Prevent German Roaches, --,OKC's Fastest Roach Removal, --,Cockroach Services Edmond, --,Cockroach Services OKC, --,Need the Best Roach Killer?, --,Locally Owned & Operated, --,Kill Small & Big Roaches Now, --,Over 10 Years Experience, --,Oklahoma City Roach Services, --,Roach Problem? We Can Help, --, --,Clear Away those Cockroach pests with Priority Pest and Mosquito Services., --,Get Your Free Quote Today. Keep Your Family Safe with Our Roach Customizable Service., --,Let Priority Pest Solve Your Cockroach Problem. We Will Cater to your Needs., --,"At Priority Pest, we get rid of roaches fast. Get rid of them once and for all. Call Now!", --, --, --, --, --, --, --, --, --, --, --, --, --, --, --, --, --,Cockroach,Cleanouts,No,, --, --,,BPM - Cockroaches,Cockroaches,Search,All features,https://www.prioritypestandmosquito.com/cockroach-control,100.0,10801.0,0.93,USD,4.01,401.11,5.0,0.0,80.22,5.0,,
Enabled,Responsive search ad,https://www.prioritypestandmosquito.com/, --, --,Delivery available, --,Online estimations available, --,OKC Pest Control, --,Residential Pest Control, --,Onsite services available, --, --, --, --, --, --, --, --, --, --, --, --, --, --, --, --, --, --, --, --, --, --,We Have a Commercial Pest Control Solution for You, --,We Are a Full-Service Pest Control Company, --,Pest Control In OKC From Priority Pest and Mosquito Solutions, --, --, --, --, --, --, --, --, --, --, --, --, --, --, --, --, --, --, --, --, --,No,, --, --,,BPM - Commercial,Ad group 1,Search,All features,https://www.prioritypestandmosquito.com/,0.0,0.0,0.0,USD,0.0,0.0,0.0,0.0,0.0,0.0,,
Enabled,Responsive search ad,https://www.prioritypestandmosquito.com/, --, --,Delivery available, --,Online estimations available, --,OKC Pest Control, --,Residential Pest Control, --,Onsite services available, --, --, --, --, --, --, --, --, --, --, --, --, --, --, --, --, --, --, --, --, --, --,We Have a Commercial Pest Control Solution for You, --,We Are a Full-Service Pest Control Company, --,Pest Control In OKC From Priority Pest and Mosquito Solutions, --, --, --, --, --, --, --, --, --, --, --, --, --, --, --, --, --, --, --, --, --,No,, --, --,,BPM - Commercial,Ad group 1,Search,All features,https://www.prioritypestandmosquito.com/,0.0,0.0,0.0,USD,0.0,0.0,0.0,0.0,0.0,0.0,,
Enabled,Responsive search ad,https://www.prioritypestandmosquito.com/commercial-control/, --, --,Oklahoma City Pest Control, --,Commercial Pest Control, --,Priority Pest and Mosquito, --,Commercial Pest Control In OKC, --,OKc Commercial Pest Control, --,Remove Bugs From Your Office, --,Got Bugs In Your Office?, --,Locally Owned & Operated, --,Pest Control for Offices OKC, --,OKC Commercial Mice Control, --,Restaurant Pest Control, --,No Job Too Small Or Too Large, --,Commercial Termite Control, --,Over 10 Years Of Experience, --,Get In Touch With Us, --, --,"At Priority Pest, Protecting Your Business is Our Business. Schedule Pest Control Service", --,"Today! We Inspect, Exterminate and Prevent. Guaranteed Exceptional Service", --,Commercial Pest Control in Oklahoma You Can Trust. Protecting Your Business is Our Job, --,"Priority Pest & Mosquito Solutions, your trusted commercial pest control company", --, --, --, --, --, --, --, --, --, --, --, --, --, --, --, --, --,Commercial,Pest-Control,No,, --, --,,BPM - Commercial,Comm Pest Control,Search,All features,https://www.prioritypestandmosquito.com/commercial-control/,52.0,6627.0,0.78,USD,2.73,141.78,1.0,0.0,141.78,1.92,,
Enabled,Responsive search ad,https://www.prioritypestandmosquito.com/insects-control/, --, --,Top-Rated Insect Exterminator, --,Earwig and Silverfish Killers, --,Residential Insect Specialists, --,Get Rid Of Millipedes Today, --,Fast Professional Pest Control, --,Get Rid Of Carpet Beetles Now, --,Have Earwigs In The House?, --,Eradicate Silverfish & Insects, --,Kill & Prevent Invasive Pests, --,Best OKC Insect Exterminator, --,Get Rid OF Silverfish Today, --,Affordable Bug Removal Service, --,Insect Specialist Near You, --,Get Rid Of House Centipedes, --,Spray Your Home For All Bugs, --, --,"Regardless of types of pesky insects, we'll have your home safe & pest free in no time.", --,Get your home ready this year with a Free Home Estimate for effective Insect Control., --,"Insects bring diseases, droppings, bites, & filth into your home. Let us remove your pests", --,Eliminate and Prevent Pests From Entering Your Home. Your Priority Is Our Priority, --, --, --, --, --, --, --, --, --, --, --, --, --, --, --, --, --,Destroy,Insects,No,, --, --,,BPM - Commercial,Insects,Search,All features,https://www.prioritypestandmosquito.com/insects-control/,0.0,0.0,0.0,USD,0.0,0.0,0.0,0.0,0.0,0.0,,
Enabled,Responsive search ad,https://www.prioritypestandmosquito.com/, --, --,Delivery available, --,Online estimations available, --,Pest Control In OKC, --,Quality Pest Control, --,Residential Pest Control, --, --, --, --, --, --, --, --, --, --, --, --, --, --, --, --, --, --, --, --, --, --,We Have a Commercial Pest Control Solution for You, --,We Are a Full-Service Pest Control Company, --,Pest Control In OKC From Priority Pest and Mosquito Solutions, --, --, --, --, --, --, --, --, --, --, --, --, --, --, --, --, --, --, --, --, --,No,, --, --,,BPM - Flea & Tick,Ad group 1,Search,All features,https://www.prioritypestandmosquito.com/,0.0,0.0,0.0,USD,0.0,0.0,0.0,0.0,0.0,0.0,,
Enabled,Responsive search ad,https://www.prioritypestandmosquito.com/flea-tick-control/, --, --,Tick Extermination in OKC, --,Remove Ticks From Your Home, --,Flea Removal Service OKC, --,Flea and Tick Extermination, --,Get Rid of Fleas and Ticks, --,Keep Your Pets Healthy, --,Tick Bites? We Destroy Ticks, --,"Are You A ""Ticking"" Time Bomb?", --,Got Fleas? Protect Your Family, --,Fastest Flea Removal Method, --,Safe & Effective Flea Spraying, --,Safe & Effective Tick Removal, --,Find a Tick? Here's What To Do, --,Flea and Tick Services OKC, --,Flea and Tick Services Edmond, --, --,Keep Your Entire Family Healthy by Adding Our Popular Flea & Tick Service. Stop Tick Bites, --,Contact Priority Pest for Quick Flea and Tick Removal Across Oklahoma County, --,Locally Owned and Operated Tick Removal you can Trust. Keep your Pets & Family safe., --,Locally Owned & Operated. Remove Fleas & Indoors & Outdoors. Effective & Safe for You., --, --, --, --, --, --, --, --, --, --, --, --, --, --, --, --, --,fleas,ticks,No,, --, --,,BPM - Flea & Tick,Flea and Tick,Search,All features,https://www.prioritypestandmosquito.com/flea-tick-control/,189.0,8547.0,2.21,USD,4.6,868.6,7.0,0.0,124.09,3.7,,
Enabled,Responsive search ad,https://www.prioritypestandmosquito.com/, --, --,Delivery available, --,Online estimations available, --,OKC Pest Control, --,Quality Pest Control, --,Residential Pest Control, --, --, --, --, --, --, --, --, --, --, --, --, --, --, --, --, --, --, --, --, --, --,We Have a Commercial Pest Control Solution for You, --,We Are a Full-Service Pest Control Company, --,Pest Control In OKC From Priority Pest and Mosquito Solutions, --, --, --, --, --, --, --, --, --, --, --, --, --, --, --, --, --, --, --, --, --,No,, --, --,,BPM - Mole & Gopher,Ad group 1,Search,All features,https://www.prioritypestandmosquito.com/,0.0,0.0,0.0,USD,0.0,0.0,0.0,0.0,0.0,0.0,,
Enabled,Responsive search ad,https://www.prioritypestandmosquito.com/mole-gopher-control/, --, --,Remove Gophers from your Yard, --,Gopher Removal Services, --,Ground Mole and Gopher Removal, --,Best Gopher Control in OKC, --,Call for Gopher Pest Removal, --,Eliminate Gophers and Moles, --,Priority Pest and Mosquito, --,How to Remove Moles? Call Us, --,Oklahoma Mole & Gopher Removal, --,Mole Removal Services in OKC, --,Gopher Removal Near You, --,Remove Moles from your Yard, --,Mole Removal Services Edmond, --,Mole Removal Services Norman, --,Gopher Removal Oklahoma City, --, --,"Protect your landscape, lawns, and gardens. Remove Moles and Gophers from your lawn.", --,Call Today to for your Free Service Estimate. We will take care of your problem., --,"We are mole killers and gopher killers. We can remove them too! Don't wait, call us today", --,How do you remove moles & gophers from your yard? Call Priority Pest & Mosquito Solutions, --, --, --, --, --, --, --, --, --, --, --, --, --, --, --, --, --,mole-gopher, --,No,, --, --,,BPM - Mole & Gopher,Mole and Gopher,Search,All features,https://www.prioritypestandmosquito.com/mole-gopher-control/,1567.0,55979.0,2.8,USD,5.17,8106.29,70.13,0.0,115.58,4.48,,
Enabled,Responsive search ad,https://www.prioritypestandmosquito.com/, --, --,Delivery available, --,Online estimations available, --,Pest Control In OKC, --,Quality Pest Control, --,Residential Pest Control, --, --, --, --, --, --, --, --, --, --, --, --, --, --, --, --, --, --, --, --, --, --,We Have a Commercial Pest Control Solution for You, --,We Are a Full-Service Pest Control Company, --,Pest Control In OKC From Priority Pest and Mosquito Solutions, --, --, --, --, --, --, --, --, --, --, --, --, --, --, --, --, --, --, --, --, --,No,, --, --,,BPM - Mosquitos,Ad group 1,Search,All features,https://www.prioritypestandmosquito.com/,0.0,0.0,0.0,USD,0.0,0.0,0.0,0.0,0.0,0.0,,
Enabled,Responsive search ad,https://www.prioritypestandmosquito.com/low-cost-mosquito-control/, --, --,Low Cost Mosquito Deterrent, --,Over 10 Years Of Experience, --,Mosquito Control for Your Yard, --,Priority Pest and Mosquito, --,Take Back Your Yard OKC, --,Getting Bit by Mosquitos?, --,Local Mosquito Extermination, --,Forget Mosquito Fogging, --,Urgent Mosquito Spraying, --,OKC Metro Mosquito Control, --,Stop the Mosquitos From Biting, --,Preventative Mosquito Spraying, --,Locally Owned & Operated, --,No Job Too Small Or Too Large, --,OKC's Best Mosquito Killers, --, --,We will take care of your Mosquito Problem in Oklahoma City. Protect Your Family., --,Mosquito Control Services You Can Trust. Never Think About Mosquitos Again., --,Preventative mosquito spraying can help your Summer be Mosquito Free. Family Safe spraying, --,Priority Pest Guarantees Excellent Service. Stop the Mosquito Bites. Call Today, --, --, --, --, --, --, --, --, --, --, --, --, --, --, --, --, --,Mosquitos,Control,No,, --, --,,BPM - Mosquitos,Mosquito Removal,Search,All features,https://www.prioritypestandmosquito.com/low-cost-mosquito-control/,265.0,20196.0,1.31,USD,3.99,1058.37,9.0,0.0,117.6,3.4,,
Enabled,Responsive search ad,https://www.prioritypestandmosquito.com/, --, --,Delivery available, --,Online estimations available, --,Pest Control In OKC, --,Quality Pest Control, --,Residential Pest Control, --, --, --, --, --, --, --, --, --, --, --, --, --, --, --, --, --, --, --, --, --, --,We Have a Commercial Pest Control Solution for You, --,We Are a Full-Service Pest Control Company, --,Pest Control In OKC From Priority Pest and Mosquito Solutions, --, --, --, --, --, --, --, --, --, --, --, --, --, --, --, --, --, --, --, --, --,No,, --, --,,BPM - Rats & Mice,Ad group 1,Search,All features,https://www.prioritypestandmosquito.com/,0.0,0.0,0.0,USD,0.0,0.0,0.0,0.0,0.0,0.0,,
Enabled,Responsive search ad,https://www.prioritypestandmosquito.com/rats-mice-control, --, --,Get Rid of Rats & Mice Today, --,Rodent Pest Control Near You, --,Limited Time $75 Off Service, --,Over 10 Years Of Experience, --,Fast and Easy Rodent Removal, --,No Job Too Small Or Too Large, --,Professional Mice & Rat Help, --,Fast Rat and Mice Killer, --,Top Rat and Mice Exterminator, --,OKC Mice and Rat Exterminator, --,We Trap & Eliminate Rodents, --,Free Rodent Inspection, --,Priority Pest and Mosquito, --,Reliable Rodent Control, --,Locally Owned & Operated, --, --,We use effective rodent control methods to keep your kitchen and garage safe and sound, --,Don't let mice and rats live rent-free in your home. Eliminate these rodents today!, --,Prioritize your home's safety with effective rat and mice extermination treatment, --,"If getting rid of mice is your priority, then your priority is our priority.", --, --, --, --, --, --, --, --, --, --, --, --, --, --, --, --, --,Mice,Rats,No,, --, --,,BPM - Rats & Mice,Rats & Mice,Search,All features,https://www.prioritypestandmosquito.com/rats-mice-control,1123.0,19949.0,5.63,USD,6.11,6864.61,77.17,0.0,88.96,6.87,,
Enabled,Responsive search ad,https://www.prioritypestandmosquito.com/, --, --,Delivery available, --,Online estimations available, --,Pest Control In OKC, --,Quality Pest Control, --,Residential Pest Control, --, --, --, --, --, --, --, --, --, --, --, --, --, --, --, --, --, --, --, --, --, --,We Have a Commercial Pest Control Solution for You, --,We Are a Full-Service Pest Control Company, --,Pest Control In OKC From Priority Pest and Mosquito Solutions, --, --, --, --, --, --, --, --, --, --, --, --, --, --, --, --, --, --, --, --, --,No,, --, --,,BPM - Residential,Ad group 1,Search,All features,https://www.prioritypestandmosquito.com/,0.0,0.0,0.0,USD,0.0,0.0,0.0,0.0,0.0,0.0,,
Enabled,Responsive search ad,https://www.prioritypestandmosquito.com/ant-control, --, --,OKC's Best Indoor Ant Killers, --,Army Ant Pest Control, --,Kill Ants in Oklahoma City, --,Are Ants Living In Your Home?, --,Ant Exterminator Near You, --,OKC's Ant Colony Experts, --,Natural Ant Spray Not Working?, --,Quickly Get Rid of Flying Ants, --,Are Ants Invading Your Home?, --,Stop Ants From Coming In OKC, --,We Kill Carpenter & Red Ants, --,Over 10 Years Of Experience, --,Remove Ants From Your Kitchen, --,Ants Infesting Your Home?, --,We Eliminate Sugar Ants, --, --,One Sight of Our Pest Control Services Will Have Ants Running Away In Seconds., --,Don't Let Ants Invade Your Home. We destroy ants & keep them from coming back!, --,Keep Your Pantry and Kitchen Safe. Priority Pest Destroys Ants and Prevents More Arrivals, --,Eliminate Ants & Keep Them Away for Good. Your Priority is OUR Priority, --, --, --, --, --, --, --, --, --, --, --, --, --, --, --, --, --,ant,Control,No,, --, --,,BPM - Residential,Ants,Search,All features,https://www.prioritypestandmosquito.com/ant-control,0.0,0.0,0.0,USD,0.0,0.0,0.0,0.0,0.0,0.0,,
Enabled,Responsive search ad,https://www.prioritypestandmosquito.com/insects-control/, --, --,Top-Rated Insect Exterminator, --,Earwig and Silverfish Killers, --,Residential Insect Specialists, --,Get Rid Of Millipedes Today, --,Fast Professional Pest Control, --,Get Rid Of Carpet Beetles Now, --,Have Earwigs In The House?, --,Eradicate Silverfish & Insects, --,Kill & Prevent Invasive Pests, --,Best OKC Insect Exterminator, --,Get Rid OF Silverfish Today, --,Affordable Bug Removal Service, --,Insect Specialist Near You, --,Get Rid Of House Centipedes, --,Spray Your Home For All Bugs, --, --,"Regardless of types of pesky insects, we'll have your home safe & pest free in no time.", --,Get your home ready this year with a Free Home Estimate for effective Insect Control., --,"Insects bring diseases, droppings, bites, & filth into your home. Let us remove your pests", --,Eliminate and Prevent Pests From Entering Your Home. Your Priority Is Our Priority, --, --, --, --, --, --, --, --, --, --, --, --, --, --, --, --, --,Destroy,Insects,No,, --, --,,BPM - Residential,Insects,Search,All features,https://www.prioritypestandmosquito.com/insects-control/,0.0,0.0,0.0,USD,0.0,0.0,0.0,0.0,0.0,0.0,,
Enabled,Responsive search ad,https://www.prioritypestandmosquito.com/residential-control/, --, --,Custom Pest Control Plans, --,Remove Insects From Your Home, --,Pests Overrunning Your Home?, --,No Job Too Small Or Too Large, --,OKC's Low Cost Pest Control, --,OKC's Best Bug Spraying, --,We Make Your Home Our Priority, --,Pest Control You Can Trust, --,Eliminate Bugs Insects & Pests, --,Over 10 Years Of Experience, --,Priority Pest & Mosquito, --,Silverfish & Earwig Removals, --,OKC Best Pest Control Company, --,Locally Owned & Operated, --,Kill The Winter Home Invaders, --, --,Sign Up for Year Round Protection with Priority Pest. We Make Your Priority Our Priority., --,"Pests Invade Homes. Priority Pest & Mosquito Control Stops Insects, Spiders, Moles, & More", --,"Call Now For Fast, Easy, & Affordable Pest Removal Today", --,Our Method Is Safe For Your Family & Deadly To Pests. We Make Your Priority Our Priority., --, --, --, --, --, --, --, --, --, --, --, --, --, --, --, --, --,Pest-Control,Residential,No,, --, --,,BPM - Residential,Res Pest Control,Search,All features,https://www.prioritypestandmosquito.com/residential-control/,1752.0,43811.0,4.0,USD,6.99,12243.8,139.0,0.0,88.08,7.93,,
Enabled,Responsive search ad,https://www.prioritypestandmosquito.com/spider-control, --, --,Top-Rated Spider Removal, --,Eliminate and Prevent Spiders, --,Common House Spider Removal, --,Your Home Overrun By Spiders?, --,Black Widows Bite - Bite Back, --,Spider Exterminator Near You, --,100% Guaranteed Spider Control, --,Effective Wolf Spider Control, --,Thinking Of Spider Fumigation?, --,OKC Spider Exterminator, --,Need To Eliminate Spiders, --,Best Way To Get Rid Of Spiders, --,Reliable Black Widow Treatment, --,Got A Spider Nest Infestation?, --,Avoid Spider Bites Today, --, --,Eliminate Spiders Living In Your Home With 100% Guaranteed Results From Arachnid Experts, --,Spider Nests Growing In Your Home? Get A Free Quote & Kill Off Your Spiders Today!, --,Hire Our Experts To Prevent Spiders From Entering Your Home Year-Round, --,Remove Any Species or Nest of Spiders with Effective Results. Live Spider Free, --, --, --, --, --, --, --, --, --, --, --, --, --, --, --, --, --,Spider,Control,No,, --, --,,BPM - Residential,Spiders,Search,All features,https://www.prioritypestandmosquito.com/spider-control,0.0,0.0,0.0,USD,0.0,0.0,0.0,0.0,0.0,0.0,,
Enabled,Responsive search ad,https://www.prioritypestandmosquito.com/, --, --,Delivery available, --,Online estimations available, --,Pest Control In OKC, --,Quality Pest Control, --,Residential Pest Control, --, --, --, --, --, --, --, --, --, --, --, --, --, --, --, --, --, --, --, --, --, --,We Have a Commercial Pest Control Solution for You, --,We Are a Full-Service Pest Control Company, --,Pest Control In OKC From Priority Pest and Mosquito Solutions, --, --, --, --, --, --, --, --, --, --, --, --, --, --, --, --, --, --, --, --, --,No,, --, --,,BPM - Termites,Ad group 1,Search,All features,https://www.prioritypestandmosquito.com/,0.0,0.0,0.0,USD,0.0,0.0,0.0,0.0,0.0,0.0,,
Enabled,Responsive search ad,https://www.prioritypestandmosquito.com/termite-treatment/, --, --,Need a CL-100 Inspection?, --,Priority Pest Termite Services, --,Low Cost Termite Inspection, --,OKC WDIR Termite Inspection, --,Termite Inspection & Treatment, --,Licensed Termite Inspector, --,Got Wood Destroying Organisms?, --,Home Buyer Termite Inspection, --,OKC's Termite Control Experts, --,Premium Annual Termite Service, --,WDO Inspection Near You, --,Local Termite Control Company, --,Locally Owned & Operated, --,Over 10 Years Experience, --,Termite Treatment Experts, --, --,"CL-100, WDO, Or Any Termite Inspection Needed. Priority Can Do It all And Put You At Ease.", --,Don't Let Your House Fall Apart. Call Now to Schedule Your Termite Inspection., --,Keep Your Family Safe from Termites. Priority Pest Has Safe and Effective Solutions, --,Protect Your Home's Value With Our Proven Inspection Methods. Your Home Is Our Priority, --, --, --, --, --, --, --, --, --, --, --, --, --, --, --, --, --,Termite,Inspection,No,, --, --,,BPM - Termites,Termite Inspection,Search,All features,https://www.prioritypestandmosquito.com/termite-treatment/,65.0,14604.0,0.45,USD,1.9,123.5,0.0,0.0,0.0,0.0,,
Enabled,Responsive search ad,https://www.prioritypestandmosquito.com/termite-treatment/, --, --,Low Cost Termite Control, --,Expert Termite Inspection, --,Locally Owned & Operated, --,Termite Control Near You, --,New Home Termite Inspection, --,OKC's Termite Control Experts, --,OKC's Best Termite Company, --,Tired Of Termite Damage?, --,Local Termite Inspection, --,Flying Termite Prevention, --,Subterranian Termite Solutions, --,Drywood Termites Got You Down?, --,Expert Termite Treatment, --,Low Cost Termite Removal, --,Safe & Effective Solutions, --, --,Take back your home from Termites with our expert quality control & inspection methods!, --,Relax and let the OKC Metro's premier Termite specialists handle getting your life back, --,Termites can devastate your home and wallet. Save yourself the hassle and call us today., --,"Stop Termite damage before it starts. Your home is our priority, so put your trust in us!", --, --, --, --, --, --, --, --, --, --, --, --, --, --, --, --, --,termite,control,No,, --, --,,BPM - Termites,Termites,Search,All features,https://www.prioritypestandmosquito.com/termite-treatment/,301.0,17506.0,1.72,USD,6.27,1888.28,19.0,0.0,99.38,6.31,,
Enabled,Responsive search ad,https://www.prioritypestandmosquito.com/, --, --,Delivery available, --,Online estimations available, --,Pest Control In OKC, --,Quality Pest Control, --,Residential Pest Control, --, --, --, --, --, --, --, --, --, --, --, --, --, --, --, --, --, --, --, --, --, --,We Have a Commercial Pest Control Solution for You, --,We Are a Full-Service Pest Control Company, --,Pest Control In OKC From Priority Pest and Mosquito Solutions, --, --, --, --, --, --, --, --, --, --, --, --, --, --, --, --, --, --, --, --, --,No,, --, --,,BPM - Wasp & Hornet,Ad group 1,Search,All features,https://www.prioritypestandmosquito.com/,0.0,0.0,0.0,USD,0.0,0.0,0.0,0.0,0.0,0.0,,
Enabled,Responsive search ad,https://www.prioritypestandmosquito.com/wasp-hornet-control, --, --,Wasp & Hornet Removal Near You, --,Yellowjackets Swarming You?, --,Giant Hornet Nest Removal, --,Get Rid of Yellow Jackets Now, --,Call for Wasp Nest Removal, --,Eliminate Stinging Wasps Now, --,Stop The Wasps From Invading, --,Local Wasp Control Near You, --,Remove Wasps From Your Home, --,Over 10 Years Of Experience, --,Are Wasps Bugging You?, --,We Eliminate Yellowjackets, --,Same/Next-Day Service, --,No Job Too Small Or Too Large, --,Best Wasp Control Method, --, --,Don't get stung. We keep yellow jackets & paper wasps away. Trust us to remove your wasps, --,How Do You Remove Wasps and Hornets? Call Priority Pest & Mosquito Solutions. We can help, --,Call Now for Our Immediate Wasp & Hornet Removal Service Availability, --,"Call Now For Fast, Easy, & Affordable Wasp & Hornet Removal Today", --, --, --, --, --, --, --, --, --, --, --, --, --, --, --, --, --,wasp-and-hornet,control,No,, --, --,,BPM - Wasp & Hornet,Wasp & Hornet,Search,All features,https://www.prioritypestandmosquito.com/wasp-hornet-control,0.0,0.0,0.0,USD,0.0,0.0,0.0,0.0,0.0,0.0,,
Enabled,Responsive search ad,https://www.prioritypestandmosquito.com/rats-mice-control/, --, --,Rat-Free Homes Now, --,Mice Control Experts, --,End Rodent Woes, --,Rat Removal Fast, --,No More Mice, --,Mouse and rat control near you, --,Get rid of mice permanently, --,Limited Time $75 Off Service, --,OKC Mice and Rat Exterminator, --,Fast and Easy Rodent Removal, --,Home Rodent Solutions, --,Local Rat Exterminators, --,Stop Mice Today, --,Best Rat Control, --,Catch and keep rodents away, --, --,"Fast, safe rodent control. Trusted solutions for your home.", --,Say goodbye to rats and mice. Expert extermination services., --,Professional mouse removal. Trusted by local homeowners., --,Effective rat extermination with lasting results. Contact us today., --, --, --, --, --, --, --, --, --, --, --, --, --, --, --, --, --,emergency,pestcontrol,No,, --, --,,New_Rats&Mice_Leads,Ad group 1,Search,All features,https://www.prioritypestandmosquito.com/rats-mice-control/,4.0,26.0,15.38,USD,0.84,3.35,0.0,0.0,0.0,0.0,,
Enabled,Responsive search ad,https://www.prioritypestandmosquito.com/ant-control, --, --,OKC's Best Indoor Ant Killers, --,Army Ant Pest Control, --,Kill Ants in Oklahoma City, --,Are Ants Living In Your Home?, --,Ant Exterminator Near You, --,OKC's Ant Colony Experts, --,Natural Ant Spray Not Working?, --,Quickly Get Rid of Flying Ants, --,Are Ants Invading Your Home?, --,Stop Ants From Coming In OKC, --,We Kill Carpenter & Red Ants, --,Over 10 Years Of Experience, --,Remove Ants From Your Kitchen, --,Ants Infesting Your Home?, --,We Eliminate Sugar Ants, --, --,One Sight of Our Pest Control Services Will Have Ants Running Away In Seconds., --,Don't Let Ants Invade Your Home. We destroy ants & keep them from coming back!, --,Keep Your Pantry and Kitchen Safe. Priority Pest Destroys Ants and Prevents More Arrivals, --,Eliminate Ants & Keep Them Away for Good. Your Priority is OUR Priority, --, --, --, --, --, --, --, --, --, --, --, --, --, --, --, --, --,ant,Control,No,, --, --,,Priority Pest,Ants,Search,All features,https://www.prioritypestandmosquito.com/ant-control,803.0,12213.0,6.57,USD,1.26,1013.0,3.0,0.0,337.67,0.37,,
Enabled,Responsive search ad,https://www.prioritypestandmosquito.com/okcs-most-affordable-bed-bug-removal/, --, --,OKC's Premier Bed Bug Sprayers, --,Bed Bugs Harm Can Your Health, --,We Get Rid Of Bed Bugs Fast, --,Proven Bed Bug Removal Method, --,Locally Owned & Operated, --,OKC Metro Bedbug Exterminators, --,Get Rid Of Bed Bugs For Good, --,Quickly Get Rid of Bed Bugs, --,$100 Off Your Service, --,Affordable Bed Bug Removal, --,OKC's Best Bed Bug Removers, --,Most Effective Bedbug Remedy, --,Fast Bedbug Clean Out, --,Custom Service To Meet Needs, --,Priority Pest and Mosquito, --, --,One Mention of Our Services Will Send Bedbugs Running -Take $100 Off Your First Room., --,"Bed Bugs invade your bed, your walls, your clothes, & more. Our experienced team can help.", --,"Keep Your Family Safe from Bed Bugs, Bites, & Diseases. Priority Pest Destroys Bed Bugs", --,Eliminate Bed Bugs and keep Them Away for Good. Family and Pet Friendly Bug Extermination., --, --, --, --, --, --, --, --, --, --, --, --, --, --, --, --, --,Bed-Bugs,Removal,No,, --, --,,Priority Pest,Bed Bugs,Search,All features,https://www.prioritypestandmosquito.com/okcs-most-affordable-bed-bug-removal/,2515.0,49927.0,5.04,USD,5.39,13561.55,127.61,0.0,106.28,5.07,,
Enabled,Responsive search ad,https://www.prioritypestandmosquito.com/cockroach-control, --, --,Cockroach Clearing Services, --,Roach Exterminator Near You, --,Priority Pest and Mosquito, --,Rid Yourself of Flying Roaches, --,Best Way To Get Rid of Roaches, --,Prevent German Roaches, --,OKC's Fastest Roach Removal, --,Cockroach Services Edmond, --,Cockroach Services OKC, --,Need the Best Roach Killer?, --,Locally Owned & Operated, --,Kill Small & Big Roaches Now, --,Over 10 Years Experience, --,Oklahoma City Roach Services, --,Roach Problem? We Can Help, --, --,Clear Away those Cockroach pests with Priority Pest and Mosquito Services., --,Get Your Free Quote Today. Keep Your Family Safe with Our Roach Customizable Service., --,Let Priority Pest Solve Your Cockroach Problem. We Will Cater to your Needs., --,"At Priority Pest, we get rid of roaches fast. Get rid of them once and for all. Call Now!", --, --, --, --, --, --, --, --, --, --, --, --, --, --, --, --, --,Cockroach,Cleanouts,No,, --, --,,Priority Pest,Cockroaches,Search,All features,https://www.prioritypestandmosquito.com/cockroach-control,2472.0,40199.0,6.15,USD,2.47,6109.49,107.48,0.0,56.84,4.35,,
Enabled,Responsive search ad,https://www.prioritypestandmosquito.com/commercial-control/, --, --,Oklahoma City Pest Control, --,Commercial Pest Control, --,Priority Pest and Mosquito, --,Commercial Pest Control In OKC, --,OKc Commercial Pest Control, --,Remove Bugs From Your Office, --,Got Bugs In Your Office?, --,Locally Owned & Operated, --,Pest Control for Offices OKC, --,OKC Commercial Mice Control, --,Restaurant Pest Control, --,No Job Too Small Or Too Large, --,Commercial Termite Control, --,Over 10 Years Of Experience, --,Get In Touch With Us, --, --,"At Priority Pest, Protecting Your Business is Our Business. Schedule Pest Control Service", --,"Today! We Inspect, Exterminate and Prevent. Guaranteed Exceptional Service", --,Commercial Pest Control in Oklahoma You Can Trust. Protecting Your Business is Our Job, --,"Priority Pest & Mosquito Solutions, your trusted commercial pest control company", --, --, --, --, --, --, --, --, --, --, --, --, --, --, --, --, --,Commercial,Pest-Control,No,, --, --,,Priority Pest,Comm Pest Control,Search,All features,https://www.prioritypestandmosquito.com/commercial-control/,122.0,3258.0,3.74,USD,3.52,430.04,8.0,0.0,53.76,6.56,,
Enabled,Responsive search ad,https://www.prioritypestandmosquito.com/flea-tick-control/, --, --,Tick Extermination in OKC, --,Remove Ticks From Your Home, --,Flea Removal Service OKC, --,Flea and Tick Extermination, --,Get Rid of Fleas and Ticks, --,Keep Your Pets Healthy, --,Tick Bites? We Destroy Ticks, --,"Are You A ""Ticking"" Time Bomb?", --,Got Fleas? Protect Your Family, --,Fastest Flea Removal Method, --,Safe & Effective Flea Spraying, --,Safe & Effective Tick Removal, --,Find a Tick? Here's What To Do, --,Flea and Tick Services OKC, --,Flea and Tick Services Edmond, --, --,Keep Your Entire Family Healthy by Adding Our Popular Flea & Tick Service. Stop Tick Bites, --,Contact Priority Pest for Quick Flea and Tick Removal Across Oklahoma County, --,Locally Owned and Operated Tick Removal you can Trust. Keep your Pets & Family safe., --,Locally Owned & Operated. Remove Fleas & Indoors & Outdoors. Effective & Safe for You., --, --, --, --, --, --, --, --, --, --, --, --, --, --, --, --, --,fleas,ticks,No,, --, --,,Priority Pest,Flea and Tick,Search,All features,https://www.prioritypestandmosquito.com/flea-tick-control/,2328.0,38758.0,6.01,USD,1.62,3772.85,29.0,0.0,130.1,1.25,,
Enabled,Responsive search ad,https://www.prioritypestandmosquito.com/insects-control/, --, --,Top-Rated Insect Exterminator, --,Earwig and Silverfish Killers, --,Residential Insect Specialists, --,Get Rid Of Millipedes Today, --,Fast Professional Pest Control, --,Get Rid Of Carpet Beetles Now, --,Have Earwigs In The House?, --,Eradicate Silverfish & Insects, --,Kill & Prevent Invasive Pests, --,Best OKC Insect Exterminator, --,Get Rid OF Silverfish Today, --,Affordable Bug Removal Service, --,Insect Specialist Near You, --,Get Rid Of House Centipedes, --,Spray Your Home For All Bugs, --, --,"Regardless of types of pesky insects, we'll have your home safe & pest free in no time.", --,Get your home ready this year with a Free Home Estimate for effective Insect Control., --,"Insects bring diseases, droppings, bites, & filth into your home. Let us remove your pests", --,Eliminate and Prevent Pests From Entering Your Home. Your Priority Is Our Priority, --, --, --, --, --, --, --, --, --, --, --, --, --, --, --, --, --,Destroy,Insects,No,, --, --,,Priority Pest,Insects,Search,All features,https://www.prioritypestandmosquito.com/insects-control/,464.0,11466.0,4.05,USD,2.34,1085.73,14.0,0.0,77.55,3.02,,
Enabled,Responsive search ad,https://www.prioritypestandmosquito.com/mole-gopher-control/, --, --,Remove Gophers from your Yard, --,Gopher Removal Services, --,Ground Mole and Gopher Removal, --,Best Gopher Control in OKC, --,Call for Gopher Pest Removal, --,Eliminate Gophers and Moles, --,Priority Pest and Mosquito, --,How to Remove Moles? Call Us, --,Oklahoma Mole & Gopher Removal, --,Mole Removal Services in OKC, --,Gopher Removal Near You, --,Remove Moles from your Yard, --,Mole Removal Services Edmond, --,Mole Removal Services Norman, --,Gopher Removal Oklahoma City, --, --,"Protect your landscape, lawns, and gardens. Remove Moles and Gophers from your lawn.", --,Call Today to for your Free Service Estimate. We will take care of your problem., --,"We are mole killers and gopher killers. We can remove them too! Don't wait, call us today", --,How do you remove moles & gophers from your yard? Call Priority Pest & Mosquito Solutions, --, --, --, --, --, --, --, --, --, --, --, --, --, --, --, --, --,mole-gopher, --,No,, --, --,,Priority Pest,Mole and Gopher,Search,All features,https://www.prioritypestandmosquito.com/mole-gopher-control/,3641.0,54540.0,6.68,USD,3.19,11604.3,242.43,0.0,47.87,6.66,,
Enabled,Responsive search ad,https://www.prioritypestandmosquito.com/low-cost-mosquito-control/, --, --,Low Cost Mosquito Deterrent, --,Over 10 Years Of Experience, --,Mosquito Control for Your Yard, --,Priority Pest and Mosquito, --,Take Back Your Yard OKC, --,Getting Bit by Mosquitos?, --,Local Mosquito Extermination, --,Forget Mosquito Fogging, --,Urgent Mosquito Spraying, --,OKC Metro Mosquito Control, --,Stop the Mosquitos From Biting, --,Preventative Mosquito Spraying, --,Locally Owned & Operated, --,No Job Too Small Or Too Large, --,OKC's Best Mosquito Killers, --, --,We will take care of your Mosquito Problem in Oklahoma City. Protect Your Family., --,Mosquito Control Services You Can Trust. Never Think About Mosquitos Again., --,Preventative mosquito spraying can help your Summer be Mosquito Free. Family Safe spraying, --,Priority Pest Guarantees Excellent Service. Stop the Mosquito Bites. Call Today, --, --, --, --, --, --, --, --, --, --, --, --, --, --, --, --, --,Mosquitos,Control,No,, --, --,,Priority Pest,Mosquito Removal,Search,All features,https://www.prioritypestandmosquito.com/low-cost-mosquito-control/,1037.0,21917.0,4.73,USD,1.57,1625.99,19.23,0.0,84.56,1.85,,
Enabled,Responsive search ad,https://www.prioritypestandmosquito.com/rats-mice-control, --, --,Get Rid of Rats & Mice Today, --,Rodent Pest Control Near You, --,Limited Time $75 Off Service, --,Over 10 Years Of Experience, --,Fast and Easy Rodent Removal, --,No Job Too Small Or Too Large, --,Professional Mice & Rat Help, --,Fast Rat and Mice Killer, --,Top Rat and Mice Exterminator, --,OKC Mice and Rat Exterminator, --,We Trap & Eliminate Rodents, --,Free Rodent Inspection, --,Priority Pest and Mosquito, --,Reliable Rodent Control, --,Locally Owned & Operated, --, --,We use effective rodent control methods to keep your kitchen and garage safe and sound, --,Don't let mice and rats live rent-free in your home. Eliminate these rodents today!, --,Prioritize your home's safety with effective rat and mice extermination treatment, --,"If getting rid of mice is your priority, then your priority is our priority.", --, --, --, --, --, --, --, --, --, --, --, --, --, --, --, --, --,Mice,Rats,No,, --, --,,Priority Pest,Rats & Mice,Search,All features,https://www.prioritypestandmosquito.com/rats-mice-control,2799.0,59168.0,4.73,USD,4.11,11508.88,166.0,0.0,69.33,5.93,,
Enabled,Responsive search ad,https://www.prioritypestandmosquito.com/residential-control/, --, --,Custom Pest Control Plans, --,Remove Insects From Your Home, --,Pests Overrunning Your Home?, --,No Job Too Small Or Too Large, --,OKC's Low Cost Pest Control, --,OKC's Best Bug Spraying, --,We Make Your Home Our Priority, --,Pest Control You Can Trust, --,Eliminate Bugs Insects & Pests, --,Over 10 Years Of Experience, --,Priority Pest & Mosquito, --,Silverfish & Earwig Removals, --,OKC Best Pest Control Company, --,Locally Owned & Operated, --,Kill The Winter Home Invaders, --, --,Sign Up for Year Round Protection with Priority Pest. We Make Your Priority Our Priority., --,"Pests Invade Homes. Priority Pest & Mosquito Control Stops Insects, Spiders, Moles, & More", --,"Call Now For Fast, Easy, & Affordable Pest Removal Today", --,Our Method Is Safe For Your Family & Deadly To Pests. We Make Your Priority Our Priority., --, --, --, --, --, --, --, --, --, --, --, --, --, --, --, --, --,Pest-Control,Residential,No,, --, --,,Priority Pest,Res Pest Control,Search,All features,https://www.prioritypestandmosquito.com/residential-control/,1828.0,44955.0,4.07,USD,4.59,8389.15,142.02,0.0,59.07,7.77,,
Enabled,Responsive search ad,https://www.prioritypestandmosquito.com/mole-and-gopher-control/, --, --,Remove Gophers from your Yard, --,Gopher Removal Services, --,Mole and Gopher Removal, --,OKC Pest Removal, --,Call for Gopher Pest Removal, --,Eliminate Gophers and Moles, --,Better Results Than Poison, --,How to Remove Moles? Call Us, --,Oklahoma Mole & Gopher Removal, --,Mole Removal Services in OKC, --,Call For Free Estimate, --,Remove Moles from your Yard, --,Mole Removal Services Edmond, --,Mole Removal Services Norman, --,Gopher Removal Oklahoma City, --, --,"Protect your landscape, lawns, and gardens. Remove Moles and Gophers from your lawn.", --,Call Today to for your Free Service Estimate. We will take care of your problem., --,Call Today to for your Free Service Estimate. Gopher Removal Service you can Trust., --,How do you remove moles & gophers from your yard? Call Priority Pest & Mosquito Solutions, --, --, --, --, --, --, --, --, --, --, --, --, --, --, --, --, --,Mole,Gopher,No,, --, --,,Priority Pest,SKAG | gopher poison | BROAD,Search,All features,https://www.prioritypestandmosquito.com/mole-and-gopher-control/,5.0,30.0,16.67,USD,1.29,6.46,0.0,0.0,0.0,0.0,,
Enabled,Responsive search ad,https://www.prioritypestandmosquito.com/mole-and-gopher-control/, --, --,Remove Gophers from your Yard, --,Gopher Removal Services, --,Mole and Gopher Removal, --,OKC Pest Removal, --,Call for Gopher Pest Removal, --,Eliminate Gophers and Moles, --,Priority Pest and Mosquito, --,How to Remove Moles? Call Us, --,Oklahoma Mole & Gopher Removal, --,Mole Removal Services in OKC, --,Call For Free Estimate, --,Remove Moles from your Yard, --,Mole Removal Services Edmond, --,Mole Removal Services Norman, --,Gopher Removal Oklahoma City, --, --,"Protect your landscape, lawns, and gardens. Remove Moles and Gophers from your lawn.", --,Call Today to for your Free Service Estimate. We will take care of your problem., --,Call Today to for your Free Service Estimate. Gopher Removal Service you can Trust., --,How do you remove moles & gophers from your yard? Call Priority Pest & Mosquito Solutions, --, --, --, --, --, --, --, --, --, --, --, --, --, --, --, --, --,Mole,Gopher,No,, --, --,,Priority Pest,SKAG | how to remove moles | BROAD,Search,All features,https://www.prioritypestandmosquito.com/mole-and-gopher-control/,2.0,48.0,4.17,USD,1.46,2.91,0.0,0.0,0.0,0.0,,
Enabled,Responsive search ad,https://www.prioritypestandmosquito.com/flea-tick-services/, --, --,Tick Extermination in OKC, --,Remove Ticks From Your Home, --,Flea Removal Service OKC, --,Flea and Tick Extermination, --,Get Rid of Fleas and Ticks, --,Keep Your Pets Healthy, --,Priority Pest and Mosquito, --,Flea and Tick Service, --,Protect Your Family, --,Destroy Fleas & Ticks, --,Safe & Effective Flea Spraying, --,Safe & Effective Tick Removal, --,Call Today for a Free Estimate, --,Flea and Tick Services OKC, --,Flea and Tick Services Edmond, --, --,Keep Your Entire Family Healthy by Adding Our Popular Flea and Tick Service., --,Contact Priority Pest for Quick Flea and Tick Removal Across Oklahoma County, --,Locally Owned and Operated Tick Removal you can Trust. Keep your Pets & Family safe., --,Locally Owned & Operated. Remove Fleas & Indoors & Outdoors. Effective & Safe for You., --, --, --, --, --, --, --, --, --, --, --, --, --, --, --, --, --,fleas,ticks,No,, --, --,,Priority Pest,SKAG | tick removal | BROAD,Search,All features,https://www.prioritypestandmosquito.com/flea-tick-services/,6.0,41.0,14.63,USD,1.26,7.55,0.0,0.0,0.0,0.0,,
Enabled,Responsive search ad,https://www.prioritypestandmosquito.com/spider-control, --, --,Top-Rated Spider Removal, --,Eliminate and Prevent Spiders, --,Common House Spider Removal, --,Your Home Overrun By Spiders?, --,Black Widows Bite - Bite Back, --,Spider Exterminator Near You, --,100% Guaranteed Spider Control, --,Effective Wolf Spider Control, --,Thinking Of Spider Fumigation?, --,OKC Spider Exterminator, --,Need To Eliminate Spiders, --,Best Way To Get Rid Of Spiders, --,Reliable Black Widow Treatment, --,Got A Spider Nest Infestation?, --,Avoid Spider Bites Today, --, --,Eliminate Spiders Living In Your Home With 100% Guaranteed Results From Arachnid Experts, --,Spider Nests Growing In Your Home? Get A Free Quote & Kill Off Your Spiders Today!, --,Hire Our Experts To Prevent Spiders From Entering Your Home Year-Round, --,Remove Any Species or Nest of Spiders with Effective Results. Live Spider Free, --, --, --, --, --, --, --, --, --, --, --, --, --, --, --, --, --,Spider,Control,No,, --, --,,Priority Pest,Spiders,Search,All features,https://www.prioritypestandmosquito.com/spider-control,424.0,7612.0,5.57,USD,1.62,686.84,9.0,0.0,76.32,2.12,,
Enabled,Responsive search ad,https://www.prioritypestandmosquito.com/termite-treatment/, --, --,Need a CL-100 Inspection?, --,Priority Pest Termite Services, --,Low Cost Termite Inspection, --,OKC WDIR Termite Inspection, --,Termite Inspection & Treatment, --,Licensed Termite Inspector, --,Got Wood Destroying Organisms?, --,Home Buyer Termite Inspection, --,OKC's Termite Control Experts, --,Premium Annual Termite Service, --,WDO Inspection Near You, --,Local Termite Control Company, --,Locally Owned & Operated, --,Over 10 Years Experience, --,Termite Treatment Experts, --, --,"CL-100, WDO, Or Any Termite Inspection Needed. Priority Can Do It all And Put You At Ease.", --,Don't Let Your House Fall Apart. Call Now to Schedule Your Termite Inspection., --,Keep Your Family Safe from Termites. Priority Pest Has Safe and Effective Solutions, --,Protect Your Home's Value With Our Proven Inspection Methods. Your Home Is Our Priority, --, --, --, --, --, --, --, --, --, --, --, --, --, --, --, --, --,Termite,Inspection,No,, --, --,,Priority Pest,Termite Inspection,Search,All features,https://www.prioritypestandmosquito.com/termite-treatment/,50.0,1888.0,2.65,USD,7.04,352.24,5.0,0.0,70.45,10.0,,
Enabled,Responsive search ad,https://www.prioritypestandmosquito.com/termite-treatment/, --, --,Low Cost Termite Control, --,Expert Termite Inspection, --,Locally Owned & Operated, --,Termite Control Near You, --,New Home Termite Inspection, --,OKC's Termite Control Experts, --,OKC's Best Termite Company, --,Tired Of Termite Damage?, --,Local Termite Inspection, --,Flying Termite Prevention, --,Subterranian Termite Solutions, --,Drywood Termites Got You Down?, --,Expert Termite Treatment, --,Low Cost Termite Removal, --,Safe & Effective Solutions, --, --,Take back your home from Termites with our expert quality control & inspection methods!, --,Relax and let the OKC Metro's premier Termite specialists handle getting your life back, --,Termites can devastate your home and wallet. Save yourself the hassle and call us today., --,"Stop Termite damage before it starts. Your home is our priority, so put your trust in us!", --, --, --, --, --, --, --, --, --, --, --, --, --, --, --, --, --,termite,control,No,, --, --,,Priority Pest,Termites,Search,All features,https://www.prioritypestandmosquito.com/termite-treatment/,300.0,10432.0,2.88,USD,4.26,1276.82,16.0,0.0,79.8,5.33,,
Enabled,Responsive search ad,https://www.prioritypestandmosquito.com/wasp-hornet-control, --, --,Wasp & Hornet Removal Near You, --,Yellowjackets Swarming You?, --,Giant Hornet Nest Removal, --,Get Rid of Yellow Jackets Now, --,Call for Wasp Nest Removal, --,Eliminate Stinging Wasps Now, --,Stop The Wasps From Invading, --,Local Wasp Control Near You, --,Remove Wasps From Your Home, --,Over 10 Years Of Experience, --,Are Wasps Bugging You?, --,We Eliminate Yellowjackets, --,Same/Next-Day Service, --,No Job Too Small Or Too Large, --,Best Wasp Control Method, --, --,Don't get stung. We keep yellow jackets & paper wasps away. Trust us to remove your wasps, --,How Do You Remove Wasps and Hornets? Call Priority Pest & Mosquito Solutions. We can help, --,Call Now for Our Immediate Wasp & Hornet Removal Service Availability, --,"Call Now For Fast, Easy, & Affordable Wasp & Hornet Removal Today", --, --, --, --, --, --, --, --, --, --, --, --, --, --, --, --, --,wasp-and-hornet,control,No,, --, --,,Priority Pest,Wasp & Hornet,Search,All features,https://www.prioritypestandmosquito.com/wasp-hornet-control,313.0,6692.0,4.68,USD,2.25,703.14,4.0,0.0,175.79,1.28,,
Enabled,Responsive search ad,https://www.prioritypestandmosquito.com/pest-control-services/how-to-get-rid-of-ants-okc/, --, --,Ant Removal Services OKC, --,Quick Ant Extermination, --,Ant-Free OKC Homes, --,Fast Ant Removal, --,Home Ant Solutions, --,OKC Ant Experts, --,Effective Ant Fix, --,Indoor Ant Treatment, --,Outdoor Ant Prevention, --,Ant Infestation Help, --,Commercial Ant Care, --,Professional Ant Service, --,Immediate Ant Control, --,Get Rid of Ants, --,Ant Pest Solutions, --, --,Quick & effective ant control in OKC. Eco-safe treatments., --,"Say goodbye to ants for good. Professional, fast removal.", --,Indoor and outdoor ant solutions. Immediate service available., --,Protect your property from ants. Trusted by OKC homes & businesses., --, --, --, --, --, --, --, --, --, --, --, --, --, --, --, --, --,Ant,Removal,No,, --, --,,Warm_Weather_03-10,Ant,Search,All features,https://www.prioritypestandmosquito.com/pest-control-services/how-to-get-rid-of-ants-okc/,0.0,0.0,0.0,USD,0.0,0.0,0.0,0.0,0.0,0.0,,
Enabled,Responsive search ad,https://www.prioritypestandmosquito.com/pest-control-services/flea-tick-services/, --, --,Flea-Free Homes OKC, --,Tick Removal Pros, --,Pet-Safe Flea Control, --,Eco Tick Solutions, --,Fast Flea Treatment, --,Yard Flea & Tick Fix, --,OKC Flea Exterminators, --,Home Tick Prevention, --,Commercial Tick Care, --,Immediate Flea Help OKC, --,Effective Tick Control, --,OKC's Flea & Tick Experts, --,Safe Tick Treatments, --,Flea Prevention OKC, --,OKC's Best Flea & Tick Service, --, --,A Solution That Is Proven to Last and Keep Your Home Protected All Year Long, --,The best pest control OKC has is from Priority Pest & Mosquito Solutions, --,"With the Proper Pest Control Services, Your Home Can Be Free of Fleas & Ticks", --,It's Best to Have Your House Sprayed for Fleas by a Professional Exterminator, --, --, --, --, --, --, --, --, --, --, --, --, --, --, --, --, --,Tick&Flea,Control,No,, --, --,,Warm_Weather_03-10,Flea & Tick,Search,All features,https://www.prioritypestandmosquito.com/pest-control-services/flea-tick-services/,113.0,1942.0,5.82,USD,7.8,881.12,5.0,0.0,176.22,4.42,,
Enabled,Responsive search ad,https://www.prioritypestandmosquito.com/, --, --,OKC Pest Control Pros, --,All Pest Solutions, --,Eco Pest Extermination, --,Safe Home Pest Control, --,Complete Pest Defense, --,Quick Pest Fixes, --,Total Pest Management, --,Year-Round Pest Care, --,OKC most trusted Exterminator, --,OKC's Pest Control, --,Pest-Free Guarantee, --,Affordable Pest Plans, --,Custom Pest Solutions, --,Immediate Pest Control, --,Best Pest Control in OKC, --, --,Comprehensive pest control for OKC homes & businesses. Call now., --,"From ants to rodents, we've got your pest control covered. OKC's most reliable solutions.", --,Get total peace of mind with our all-in-one pest management., --,"Affordable, professional pest control services. Quick response.", --, --, --, --, --, --, --, --, --, --, --, --, --, --, --, --, --,OKC_Pest,Specialists,No,, --, --,,Warm_Weather_03-10,General Pest,Search,All features,https://www.prioritypestandmosquito.com/,306.0,5856.0,5.23,USD,11.43,3498.23,28.0,0.0,124.94,9.15,,
Enabled,Responsive search ad,https://www.prioritypestandmosquito.com/pest-control-services/rodent-control/mole-and-gopher-control/, --, --,Mole-Free OKC Yards, --,Gopher Control Experts, --,Stop Moles & Gophers, --,Quick Gopher Fix, --,Yard Mole Solutions, --,OKC Gopher Removal, --,Safe Mole Control, --,Gopher-Free Guarantee, --,Mole Damage Repair, --,Trusted Mole Management OKC, --,Underground Pest Help, --,Keep Your Yard Gopher-Free, --,Mole & Gopher Solutions, --,OKC Most Trusted Mole Removal, --,No More Yard Pests, --, --,Eliminate moles & gophers fast. Safe for OKC yards., --,Expert removal with eco-safe methods. Call us today!, --,Take Back Your Lawn by Eliminating These Pests Once and for All!, --,Trusted by OKC for mole and gopher removal. Contact us today!, --, --, --, --, --, --, --, --, --, --, --, --, --, --, --, --, --,Mole_Gopher,Pros,No,, --, --,,Warm_Weather_03-10,Mole & Gopher,Search,All features,https://www.prioritypestandmosquito.com/pest-control-services/rodent-control/mole-and-gopher-control/,83.0,1500.0,5.53,USD,6.51,540.24,5.5,0.0,98.23,6.63,,
Enabled,Responsive search ad,https://www.prioritypestandmosquito.com/pest-control-services/mosquito-control-and-treatment/, --, --,OKC Mosquito-Free Homes, --,Eradicate Mosquitoes Now, --,Top OKC Mosquito Defense, --,Best Yard Mosquito Control, --,Mosquito-Free Yard OKC, --,Premier Mosquito Extermination, --,Elite Mosquito Solutions OKC, --,OKCs Mosquito Shield, --,Yard Bug Solutions OKC, --,Mosquito Treatment Experts, --,Effective Mosquito Abatement, --,Ultimate Mosquito Killer OKC, --,Mosquito Control In OKC, --,Mosquito Control Experts, --,Repel Mosquitoes In Your Yard, --, --,Mosquito Control In OKC - Repel Mosquitoes In Your Yard, --,Mosquito spraying in OKC is a must to control these pests, --,Call Priority Pest Today to Get Your Free Home Estimate for Mosquito Control, --,The best pest control OKC has is from Priority Pest & Mosquito Solutions, --, --, --, --, --, --, --, --, --, --, --, --, --, --, --, --, --,mosquito,control,No,, --, --,,Warm_Weather_03-10,Mosquito,Search,All features,https://www.prioritypestandmosquito.com/pest-control-services/mosquito-control-and-treatment/,21.0,646.0,3.25,USD,8.9,186.98,2.0,0.0,93.49,9.52,,
Enabled,Responsive search ad,https://www.prioritypestandmosquito.com/pest-control-services/rodent-control/, --, --,Rodent Control Experts in OKC, --,Best OKC Rodent Experts, --,Quick Rat Removal, --,Mice Proofing OKC, --,Home Rodent Fix, --,Eliminate Rodents Quickly, --,Your OKC Rodent-Free Solution, --,Fast Rodent Extermination, --,OKC Rat Control, --,Trusted Rodent Management OKC, --,Rodent-Free Homes, --,Keep Your Home Rodent-Free, --,Commercial Rodent Solutions, --,Pest Control Service & Support, --,Rodent Control OKC, --, --,"Fast, effective rodent control in OKC. Safe for families.", --,Say goodbye to rodent worries with our expert team., --,Take Back Your Home & Lawn by Eliminating These Rodents Once and for All, --,Rodent Control In OKC From Priority Pest and Mosquito, --, --, --, --, --, --, --, --, --, --, --, --, --, --, --, --, --,Rodent,Control,No,, --, --,,Warm_Weather_03-10,Rodent,Search,All features,https://www.prioritypestandmosquito.com/pest-control-services/rodent-control/,0.0,0.0,0.0,USD,0.0,0.0,0.0,0.0,0.0,0.0,,
Enabled,Responsive search ad,https://www.prioritypestandmosquito.com/pest-control-services/termite-treatment/, --, --,OKC Termite Inspection Experts, --,Stop Termites in Their Tracks, --,Termite Control for OKC Homes, --,Proven Termite Treatment Plans, --,Comprehensive Termite Defense, --,Immediate Termite Removal Help, --,Save Your Home from Termites, --,Trusted Termite Protection, --,Termite Damage? Call Us Now, --,Year-Round Termite Prevention, --,No More Termite Worries, --,Termite-Free Home Guarantee, --,Quick Termite Inspection & Fix, --,Safe Termite Treatments OKC, --,OKC Most Reliable Termite Pros, --, --,Expert termite inspections in OKC. Trusted solutions., --,The best pest control OKC has is from Priority Pest & Mosquito Solutions, --,Comprehensive termite control with lasting results., --,Protect your home with our proven termite plans., --, --, --, --, --, --, --, --, --, --, --, --, --, --, --, --, --,Termite,Treatment,No,, --, --,,Warm_Weather_03-10,Termite,Search,All features,https://www.prioritypestandmosquito.com/pest-control-services/termite-treatment/,22.0,826.0,2.66,USD,9.38,206.29,1.0,0.0,206.29,4.55,,
Paused,Expanded text ad,https://www.prioritypestandmosquito.com/pest-services/mole-and-gopher-control/, --, --,Gopher Removal Services, --,Priority Pest and Mosquito, --,Remove Gophers from your Yard, --, --, --, --, --, --, --, --, --, --, --, --, --, --, --, --, --, --, --, --, --, --, --, --, --,"Protect your landscape, lawns, and gardens. We know how to kill gophers in your yard.", --, --,Call Today to for your Free Service Estimate. Gopher Removal Service you can Trust., --, --, --, --, --, --, --, --, --, --, --, --, --, --, --, --, --, --, --, --, --,Gophers, --,No,, --, --,,Priority Pest,Mole and Gopher,Search,All features,https://www.prioritypestandmosquito.com/pest-services/mole-and-gopher-control/,1.0,69.0,1.45,USD,1.58,1.58,0.0,0.0,0.0,0.0,,
Paused,Expanded text ad,https://www.prioritypestandmosquito.com/pest-services/mole-and-gopher-control/, --, --,Mole Removal Services in OKC, --,Priority Pest and Mosquito, --,Remove Moles from your Yard, --, --, --, --, --, --, --, --, --, --, --, --, --, --, --, --, --, --, --, --, --, --, --, --, --,"Protect your landscape, lawns, and gardens. We know how to get rid of moles from your yard", --, --,Call Today to for your Free Service Estimate. We will take care of your problem., --, --, --, --, --, --, --, --, --, --, --, --, --, --, --, --, --, --, --, --, --,moles, --,No,, --, --,,Priority Pest,Mole and Gopher,Search,All features,https://www.prioritypestandmosquito.com/pest-services/mole-and-gopher-control/,3.0,115.0,2.61,USD,1.28,3.83,0.0,0.0,0.0,0.0,,
Paused,Responsive display ad,https://www.prioritypestandmosquito.com/pest-control-services/rodent-control/, --,"Discover Quick, Effective Solutions for All Rodent Problems.",Ultimate Rodent Defense, --,Mole Extermination Services, --,Gopher Removal Experts, --,Fast Pest Clear-Out, --,Home Safe from Rodents, --, --, --, --, --, --, --, --, --, --, --, --, --, --, --, --, --, --, --, --, --, --,Defend your home from rodents., --,Professional mole extermination., --,Expert gopher removal services., --,Swift pest eradication methods., --,Ensure a rodent-free environment.,117815652252; 119371135124; 119403235074; 119379715915,118227598747; 118250833731; 118250766804; 117753070513; 117753070510,15049444732, --,Priority Pest & Mosquito, --,118907971602, --, --,true,All formats, --, --,true,true, --, --,No,, --, --,,M&G_Awareness_Top,Ad group 1,Display,All features,https://www.prioritypestandmosquito.com/pest-control-services/rodent-control/,2.0,8938.0,0.02,USD,4.14,8.27,0.0,0.0,0.0,0.0,,
Disabled,Expanded text ad,https://www.prioritypestandmosquito.com/pest-services/cockroach-cleanouts/, --, --,Cockroach Clearing Services, --,Priority Pest and Mosquito, --,Kill Roaches At Their Source, --, --, --, --, --, --, --, --, --, --, --, --, --, --, --, --, --, --, --, --, --, --, --, --, --,Cockroaches infesting your home? Let Priority Pest help you out. Never Stress about pests., --, --,Priority Pest knows how to kill cockroaches. Get rid of them once and for all., --, --, --, --, --, --, --, --, --, --, --, --, --, --, --, --, --, --, --, --, --,Cockroaches, --,No,, --, --,,Priority Pest,Cockroaches,Search,All features,https://www.prioritypestandmosquito.com/pest-services/cockroach-cleanouts/,4.0,68.0,5.88,USD,2.66,10.65,0.0,0.0,0.0,0.0,,
Disabled,Expanded text ad,https://www.prioritypestandmosquito.com/pest-services/cockroach-cleanouts/, --, --,Roach Control Services, --,Priority Pest and Mosquito, --,Exterminate & Prevent Roaches, --, --, --, --, --, --, --, --, --, --, --, --, --, --, --, --, --, --, --, --, --, --, --, --, --,Get Your Free Quote Today. Keep Your Family Safe with Our Customizable Roach Service., --, --,Priority Pest will take care of your roach problem. Get rid of them once and for all., --, --, --, --, --, --, --, --, --, --, --, --, --, --, --, --, --, --, --, --, --,Roaches, --,No,, --, --,,Priority Pest,Cockroaches,Search,All features,https://www.prioritypestandmosquito.com/pest-services/cockroach-cleanouts/,3.0,70.0,4.29,USD,2.65,7.96,0.0,0.0,0.0,0.0,,
Disabled,Expanded text ad,https://www.prioritypestandmosquito.com/commercial-control/, --, --,Commercial Pest Control in OKC, --,Priority Pest and Mosquito, --,Oklahoma City Pest Control, --, --, --, --, --, --, --, --, --, --, --, --, --, --, --, --, --, --, --, --, --, --, --, --, --,Commercial Pest Control in Oklahoma City You Can Trust. Your Business is Our Business., --, --,"We Inspect, Exterminate and Prevent. Guaranteed Exceptional Service. Call Today!", --, --, --, --, --, --, --, --, --, --, --, --, --, --, --, --, --, --, --, --, --,Commercial,Pest-Control,No,, --, --,,Priority Pest,Comm Pest Control,Search,All features,https://www.prioritypestandmosquito.com/commercial-control/,9.0,360.0,2.5,USD,3.31,29.81,0.0,0.0,0.0,0.0,,
Disabled,Expanded text ad,https://www.prioritypestandmosquito.com/commercial-control/, --, --,Commercial Pest Control, --,Call For Pest Control Today, --,Priority Pest Control, --, --, --, --, --, --, --, --, --, --, --, --, --, --, --, --, --, --, --, --, --, --, --, --, --,"At Priority Pest, Protecting Your Business IS Our Business. Keep Your Business Protected.", --, --,"Trust us to keep customers & staff safe & pest free. We Inspect, Exterminate & Prevent.", --, --, --, --, --, --, --, --, --, --, --, --, --, --, --, --, --, --, --, --, --,Pest-Control,Commercial,No,, --, --,,Priority Pest,Comm Pest Control,Search,All features,https://www.prioritypestandmosquito.com/commercial-control/,2.0,56.0,3.57,USD,2.37,4.73,0.0,0.0,0.0,0.0,,
Disabled,Expanded text ad,https://www.prioritypestandmosquito.com/pest-services/flea-tick-services/, --, --,Flea Removal Service OKC, --,Priority Pest and Mosquito, --,Destroy Fleas & Ticks, --, --, --, --, --, --, --, --, --, --, --, --, --, --, --, --, --, --, --, --, --, --, --, --, --,Flea Removal Services You Can Trust. Keep Your Family and Pets Healthy., --, --,Locally Owned & Operated. Remove Fleas & Indoors & Outdoors. Effective & Safe for You., --, --, --, --, --, --, --, --, --, --, --, --, --, --, --, --, --, --, --, --, --,Flea,Spraying,No,, --, --,,Priority Pest,Flea and Tick,Search,All features,https://www.prioritypestandmosquito.com/pest-services/flea-tick-services/,1.0,89.0,1.12,USD,2.38,2.38,0.0,0.0,0.0,0.0,,
Disabled,Expanded text ad,https://www.prioritypestandmosquito.com/pest-services/flea-tick-services/, --, --,Tick Extermination in OKC, --,Priority Pest and Mosquito, --,Remove Ticks From Your Home, --, --, --, --, --, --, --, --, --, --, --, --, --, --, --, --, --, --, --, --, --, --, --, --, --,Locally Owned and Operated Tick Removal you can Trust. Keep your Pets & Family safe., --, --,Never Think About Bugs Again. Call Priority Pest and Mosquito Today!, --, --, --, --, --, --, --, --, --, --, --, --, --, --, --, --, --, --, --, --, --,Ticks, --,No,, --, --,,Priority Pest,Flea and Tick,Search,All features,https://www.prioritypestandmosquito.com/pest-services/flea-tick-services/,9.0,407.0,2.21,USD,1.67,15.05,0.0,0.0,0.0,0.0,,
Disabled,Expanded text ad,http://www.prioritypest.com, --, --,blah blah blah, --,yeah yeah yeah, --,whatevetr, --, --, --, --, --, --, --, --, --, --, --, --, --, --, --, --, --, --, --, --, --, --, --, --, --,abcdef, --, --,ghihjl;, --, --, --, --, --, --, --, --, --, --, --, --, --, --, --, --, --, --, --, --, --, --, --,No,, --, --,,Priority Pest,Mosquito Removal,Search,All features,http://www.prioritypest.com,0.0,0.0,0.0,USD,0.0,0.0,0.0,0.0,0.0,0.0,,
Disabled,Expanded text ad,https://www.prioritypestandmosquito.com/pest-services/mosquito-treatment/, --, --,Remove the Nasty Mosquitos, --,Mosquito Services in OKC, --,Mosquito Control Services, --, --, --, --, --, --, --, --, --, --, --, --, --, --, --, --, --, --, --, --, --, --, --, --, --,Priority Pest and Mosquito Solutions - it's in the Name. Never think about bugs again., --, --,Skip The Bug Spray and Call Us Today. Family Safe Mosquito Removal., --, --, --, --, --, --, --, --, --, --, --, --, --, --, --, --, --, --, --, --, --,mosquitos, --,No,, --, --,,Priority Pest,Mosquito Removal,Search,All features,https://www.prioritypestandmosquito.com/pest-services/mosquito-treatment/,19.0,412.0,4.61,USD,1.38,26.22,0.0,0.0,0.0,0.0,,
Disabled,Expanded text ad,https://www.prioritypestandmosquito.com/pest-services/mosquito-treatment/, --, --,Mosquito Control For Your Home, --,Stop the Bite & Love Your Yard, --,Mosquito Control in OKC, --, --, --, --, --, --, --, --, --, --, --, --, --, --, --, --, --, --, --, --, --, --, --, --, --,Mosquito Control Services You Can Trust. Never Think About Mosquitos Again., --, --,Priority Pest Guarantees Excellent Service. Stop the Mosquito Bites. Call Today, --, --, --, --, --, --, --, --, --, --, --, --, --, --, --, --, --, --, --, --, --,mosquitos,Removal,No,, --, --,,Priority Pest,Mosquito Removal,Search,All features,https://www.prioritypestandmosquito.com/pest-services/mosquito-treatment/,89.0,2323.0,3.83,USD,1.62,143.79,0.0,0.0,0.0,0.0,,
Disabled,Expanded text ad,https://www.prioritypestandmosquito.com/residential-control/, --, --,Worms Eating Your Lawn?, --,Low Cost Armyworm Control, --,Take Back Your Yard, --, --, --, --, --, --, --, --, --, --, --, --, --, --, --, --, --, --, --, --, --, --, --, --, --,Armyworm pest control - Don't waste money fixing your lawn when you can prevent it!, --, --,Never think about worms again! Pest Control you can trust. Give us a call today., --, --, --, --, --, --, --, --, --, --, --, --, --, --, --, --, --, --, --, --, --,Residential,Pest-Control,No,, --, --,,Priority Pest,Res Pest Control,Search,All features,https://www.prioritypestandmosquito.com/residential-control/,1153.0,12216.0,9.44,USD,1.08,1248.86,12.5,0.0,99.91,1.08,,
Disabled,Expanded text ad,https://www.prioritypestandmosquito.com/residential-control/, --, --,Bugs Got You Down? Remove Them, --,We Rid Your Home of Pests, --,"Love Your Home, Not Pests", --, --, --, --, --, --, --, --, --, --, --, --, --, --, --, --, --, --, --, --, --, --, --, --, --,"Pests invade homes. Priority Pest & Mosquito Control stops insects, spiders, moles, & more", --, --,Our method is Safe for your family & Deadly to pests. We Make Your Priority Our Priority., --, --, --, --, --, --, --, --, --, --, --, --, --, --, --, --, --, --, --, --, --,Residential, --,No,, --, --,,Priority Pest,Res Pest Control,Search,All features,https://www.prioritypestandmosquito.com/residential-control/,34.0,1186.0,2.87,USD,2.79,94.71,1.0,0.0,94.71,2.94,,
Disabled,Responsive search ad,https://www.prioritypestandmosquito.com/okcs-most-affordable-bed-bug-removal/, --, --,OKC's Premier Bed Bug Sprayers, --,Bed Bugs Harm Can Your Health, --,We Get Rid Of Bed Bugs Fast, --,Proven Bed Bug Removal Method, --,Locally Owned & Operated, --,OKC Metro Bedbug Exterminators, --,Get Rid Of Bed Bugs For Good, --,Quickly Get Rid of Bed Bugs, --,$100 Off Your Service,2,Affordable Bed Bug Removal, --,OKC's Best Bed Bug Removers, --,Most Effective Bedbug Remedy, --,Fast Bedbug Clean Out, --,Custom Service To Meet Needs, --,Priority Pest and Mosquito, --, --,One Mention of Our Services Will Send Bedbugs Running -Take $100 Off Your First Room., --,"Bed Bugs invade your bed, your walls, your clothes, & more. Our experienced team can help.", --,"Keep Your Family Safe from Bed Bugs, Bites, & Diseases. Priority Pest Destroys Bed Bugs", --,Eliminate Bed Bugs and keep Them Away for Good. Family and Pet Friendly Bug Extermination., --, --, --, --, --, --, --, --, --, --, --, --, --, --, --, --, --,Bed-Bugs,Removal,No,, --, --,,Priority Pest,Bed Bugs,Search,All features,https://www.prioritypestandmosquito.com/okcs-most-affordable-bed-bug-removal/,3842.0,54132.0,7.1,USD,1.6,6141.82,51.35,0.0,119.62,1.34,,
Disabled,Responsive search ad,https://www.prioritypestandmosquito.com, --, --,Cockroach Removal Services, --,Priority Pest and Mosquito, --,Prevent Cockroach Problems, --,Control that Cockroach Problem, --,Get Your Free Estimate Today, --,Oklahoma City Pest Control, --, --, --, --, --, --, --, --, --, --, --, --, --, --, --, --, --, --, --, --,Priority Pest will take care of your cockroach problem. Get rid of them once and for all., --,Cockroaches got you down? Let Priority Pest help you out. Never Stress about pests., --, --, --, --, --, --, --, --, --, --, --, --, --, --, --, --, --, --, --, --, --,Cockroaches, --,No,, --, --,,Priority Pest,Cockroaches,Search,All features,https://www.prioritypestandmosquito.com,0.0,0.0,0.0,USD,0.0,0.0,0.0,0.0,0.0,0.0,,
Disabled,Responsive search ad,https://www.prioritypestandmosquito.com, --, --,Mole and Gopher Removal, --,OKC Pest Removal, --,Priority Pest and Mosquito, --,Eliminate Gophers and Moles, --,Get Your Free Estimate Today, --,Call For Mole Pest Removal, --, --, --, --, --, --, --, --, --, --, --, --, --, --, --, --, --, --, --, --,"Protect your landscape, lawns, and gardens. Remove Moles and Gophers from your lawn.", --,Call Today to for your Free Service Estimate. We will take care of your problem., --, --, --, --, --, --, --, --, --, --, --, --, --, --, --, --, --, --, --, --, --,Mole-and-Gopher, --,No,, --, --,,Priority Pest,Mole and Gopher,Search,All features,https://www.prioritypestandmosquito.com,0.0,0.0,0.0,USD,0.0,0.0,0.0,0.0,0.0,0.0,,
Disabled,Responsive search ad,https://www.prioritypestandmosquito.com, --, --,Priority Pest and Mosquito, --,Get a Free Estimate, --,Mosquito Pest Control Services, --,Keep Mosquitos Away, --, --, --, --, --, --, --, --, --, --, --, --, --, --, --, --, --, --, --, --, --, --, --, --,Priority Pest Guarantees Excellent Service. Protect Your Family from Mosquitos., --,We Make Your Priority Our Priority. Keep the Mosquitos at bay with our spraying service., --,Skip The Spray and Call Us Today. Family Safe Mosquito Removal., --,Priority Pest and Mosquito Solutions - it's in the Name., --, --, --, --, --, --, --, --, --, --, --, --, --, --, --, --, --,Mosquitos, --,No,, --, --,,Priority Pest,Mosquito Removal,Search,All features,https://www.prioritypestandmosquito.com,0.0,0.0,0.0,USD,0.0,0.0,0.0,0.0,0.0,0.0,,
Disabled,Responsive search ad,https://www.prioritypestandmosquito.com/rats-mice-control, --, --,Get Rid of Rats & Mice Today, --,Rodent Pest Control Near You, --,Limited Time $75 Off Service,2,Over 10 Years Of Experience, --,Fast and Easy Rodent Removal, --,No Job Too Small Or Too Large, --,Professional Mice & Rat Help, --,Fast Rat and Mice Killer, --,Top Rat and Mice Exterminator, --,OKC Mice and Rat Exterminator, --,We Trap & Eliminate Rodents, --,Free Rodent Inspection, --,Priority Pest and Mosquito, --,Reliable Rodent Control, --,Locally Owned & Operated, --, --,We use effective rodent control methods to keep your kitchen and garage safe and sound, --,Don't let mice and rats live rent-free in your home. Eliminate these rodents today!, --,Prioritize your home's safety with effective rat and mice extermination treatment, --,"If getting rid of mice is your priority, then your priority is our priority.", --, --, --, --, --, --, --, --, --, --, --, --, --, --, --, --, --,Mice,Rats,No,, --, --,,Priority Pest,Rats & Mice,Search,All features,https://www.prioritypestandmosquito.com/rats-mice-control,6.0,135.0,4.44,USD,5.35,32.12,0.0,0.0,0.0,0.0,,
Disabled,Responsive search ad,https://www.prioritypestandmosquito.com, --, --,Priority Pest and Mosquito, --,Quarterly Pest Control Service, --,Get Your Free Estimate Today, --,Call Us Today, --,Make the Cockroaches Stay Away, --,Enjoy Your House Pest Free, --, --, --, --, --, --, --, --, --, --, --, --, --, --, --, --, --, --, --, --,Worry Free Pest Control. Get Your Quote Today!, --,Priority Pest & Mosquito Service. Satisfaction Guaranteed., --,"Take care of the spiders, ants, crickets, earwigs, wasps, scorpions, and more!", --, --, --, --, --, --, --, --, --, --, --, --, --, --, --, --, --, --, --, --, --,No,, --, --,,Priority Pest,Res Pest Control,Search,All features,https://www.prioritypestandmosquito.com,0.0,0.0,0.0,USD,0.0,0.0,0.0,0.0,0.0,0.0,,
Disabled,Responsive search ad,https://www.prioritypestandmosquito.com/termite-treatment/, --, --,OKC Termite Inspection, --,We Rid Your Home of Pests, --,"Love Your Home, Not Pests", --, --, --, --, --, --, --, --, --, --, --, --, --, --, --, --, --, --, --, --, --, --, --, --, --, --,"Pests invade homes. Priority Pest & Mosquito Control stops insects, spiders, moles, & more", --,Our method is Safe for your family & Deadly to pests. We Make Your Priority Our Priority., --, --, --, --, --, --, --, --, --, --, --, --, --, --, --, --, --, --, --, --, --,termite,inspection,No,, --, --,,Priority Pest,Termite Inspection,Search,All features,https://www.prioritypestandmosquito.com/termite-treatment/,0.0,0.0,0.0,USD,0.0,0.0,0.0,0.0,0.0,0.0,,
